建议名,分组,出现店铺数,建议菜系,建议角色,库里可能已有,样例店,价格(你填),备注
"牛肉（火锅）","火锅涮品","49","火锅","main","牛肉罩饼、牛肉板面","海底捞火锅(范阳中路君悦广场店)、海底捞火锅(惠友购物中心店)、徐升记不改良老火锅( 保定永华南大街店 )","",""
"鸡肉（火锅）","火锅涮品","28","火锅","main","咖喱鸡肉饭、鸡肉凯撒卷","海底捞火锅(惠友购物中心店)、伊林罩饼(亢龙骏景B区店)、0729火锅鸡(莲池大街店)","",""
"羊肉（火锅）","火锅涮品","22","火锅","main","孜然羊肉、葱爆羊肉","双龙斋涮肉(恒祥大街店)、相家重庆老火锅(李庄街店)、熊喵来了火锅(保定未来石万达店)","",""
"小龙虾（火锅）","火锅涮品","16","火锅","main","麻辣小龙虾、蒜蓉小龙虾","相家重庆老火锅(翠园街总店)、相家重庆老火锅(翠园街5店)、达子烤羊腿涮肉(旗舰店)","",""
"虾滑（火锅）","火锅涮品","12","火锅","main","","海底捞火锅(惠友购物中心店)、海底捞火锅(万博广场店)、清真铜炉张鲜肉火锅","",""
"毛肚（火锅）","火锅涮品","12","火锅","main","重庆火锅毛肚","涿派炝锅鱼(范阳路店)、相家重庆老火锅(翠园街总店)、相家重庆老火锅(李庄街店)","",""
"肥牛（火锅）","火锅涮品","11","火锅","main","酸汤肥牛、金汤肥牛","相家重庆老火锅(李庄街店)、熊喵来了火锅(保定上谷大观店)、天香居涮肉(琅瑚街)","",""
"小酥肉（火锅）","火锅涮品","8","火锅","main","成都小酥肉、渣渣脆小酥肉","双龙斋涮肉(恒祥大街店)、相家重庆老火锅(翠园街总店)、海底捞火锅(万博广场店)","",""
"鸭肠（火锅）","火锅涮品","8","火锅","main","","相家重庆老火锅(翠园街总店)、相家重庆老火锅(翠园街5店)、骊火锅(涿州总店)","",""
"牛羊肉（火锅）","火锅涮品","8","火锅","main","","小龙坎火锅(朗润路店)、聚宝源(保定上谷大观店)、清真铜炉张鲜肉火锅(清真寺街店)","",""
"豆腐（火锅）","火锅涮品","8","火锅","side","毛豆腐、豆腐脑","熊喵来了火锅(保定上谷大观店)、相家重庆老火锅(北唐店)、熊喵来了火锅(保定未来石万达店)","",""
"肥肠（火锅）","火锅涮品","7","火锅","main","干锅肥肠、酸菜肥肠","相家重庆老火锅(翠园街总店)、相家重庆老火锅(李庄街店)、锅儿燥贵州酸汤火锅(西大街店)","",""
"板面（火锅）","火锅涮品","7","火锅","staple","牛肉板面、板面（宽）","奋小二烂猪蹄新派火锅鸡(满城店)、奋小二烂猪蹄新派火锅鸡(曲阳店)、奋小二烂猪蹄新派火锅鸡(望都店)","",""
"鲜果茶（火锅）","火锅涮品","7","火锅","drink","","奋小二烂猪蹄新派火锅鸡(满城店)、奋小二烂猪蹄新派火锅鸡(曲阳店)、奋小二烂猪蹄新派火锅鸡(望都店)","",""
"冰粉（火锅）","火锅涮品","6","火锅","drink","","渝娃子重庆美蛙鱼头火锅(秀兰城市美居店)、相家重庆老火锅(李庄街店)、相家重庆老火锅(北唐店)","",""
"鸭血（火锅）","火锅涮品","6","火锅","main","","熊喵来了火锅(保定上谷大观店)、相家重庆老火锅(北唐店)、熊喵来了火锅(保定未来石万达店)","",""
"鱿鱼（火锅）","火锅涮品","6","家常","main","铁板鱿鱼、香锅鱿鱼","相家重庆老火锅(北唐店)、川麻婆泥锅涮肚、无穷花(百花园小区店)","",""
"涮肉（火锅）","火锅涮品","5","火锅","main","","捞悦国际·火锅、聚宝源(保定上谷大观店)、常赢三兄弟(瑞安路店)","",""
"涮菜（火锅）","火锅涮品","5","火锅","side","","相家重庆老火锅(李庄街店)、鸡公虾婆(中心路店)、渝洲干锅辣鸭头(高碑店店)","",""
"炒饭（火锅）","火锅涮品","5","火锅","staple","福建炒饭、印尼炒饭","乐囍重庆火锅(永贵大街店)、小厨大雅烧烤.融合菜(丽景蓝湾店)、兄弟虾王","",""
"金针菇（火锅）","火锅涮品","5","火锅","side","烤金针菇","达子烤羊腿涮肉(旗舰店)、吉吉至尊火锅串串(秀兰·锦观城店)、小胖子烧烤(五四路店)","",""
"鸡爪（火锅）","火锅涮品","4","火锅","main","卤鸡爪、鸡爪煲","乐囍重庆火锅、东北老字号、巴渝食府","",""
"麻辣牛肉（火锅）","火锅涮品","4","火锅","main","","相家重庆老火锅(翠园街总店)、袁记串串香(丽景华庭店)、袁记串串香(容城店)","",""
"豆花（火锅）","火锅涮品","4","火锅","main","云南豆花米线、烧椒豆花牛肉","海底捞火锅(万博广场店)、相家重庆老火锅(李庄街店)、相家重庆老火锅(北唐店)","",""
"菌香乌鸡卷（火锅）","火锅涮品","4","火锅","main","","熊喵来了火锅(保定万博店)、熊喵来了火锅(保定上谷大观店)、熊喵来了火锅(保定未来石万达店)","",""
"屠场水牛毛肚（火锅）","火锅涮品","4","火锅","main","","熊喵来了火锅(保定万博店)、熊喵来了火锅(保定上谷大观店)、熊喵来了火锅(保定未来石万达店)","",""
"牛蛙（火锅）","火锅涮品","4","火锅","main","牛蛙煲、干锅牛蛙","渝娃子重庆美蛙鱼头火锅(秀兰城市美居店)、老成都巷子里火锅串串香(雄安新区总店)、虾神盱眙小龙虾(秀兰城市花园店)","",""
"铜锅涮肉（火锅）","火锅涮品","4","火锅","main","","聚宝源(保定上谷大观店)、常赢三兄弟(瑞安路店)、清真铜炉张鲜肉火锅","",""
"鸡翅（火锅）","火锅涮品","4","火锅","main","鸡翅煲、鸡翅包饭","达子烤羊腿涮肉(旗舰店)、东北老字号、小厨大雅烧烤.融合菜(丽景蓝湾店)","",""
"茄子（火锅）","火锅涮品","4","火锅","side","蒜蓉烤茄子、鱼香茄子煲","达子烤羊腿涮肉(旗舰店)、翼酷烧烤(社区食堂)、云贵川味道(七一路店)","",""
"内蒙罕山白绒山羊（火锅）","火锅涮品","3","火锅","main","","海底捞火锅(范阳中路君悦广场店)、海底捞火锅(惠友购物中心店)、海底捞火锅(钟楼海悦购物广场店)","",""
"冰爽葡萄柠檬茶（火锅）","火锅涮品","3","火锅","drink","","海底捞火锅(范阳中路君悦广场店)、海底捞火锅(惠友购物中心店)、海底捞火锅(钟楼海悦购物广场店)","",""
"雪人豆乳蛋糕（火锅）","火锅涮品","3","火锅","drink","","海底捞火锅(范阳中路君悦广场店)、海底捞火锅(惠友购物中心店)、海底捞火锅(钟楼海悦购物广场店)","",""
"云南文山红甸山药（火锅）","火锅涮品","3","火锅","side","","海底捞火锅(范阳中路君悦广场店)、海底捞火锅(惠友购物中心店)、海底捞火锅(钟楼海悦购物广场店)","",""
"黄土高原滩羊卷（火锅）","火锅涮品","3","火锅","main","","海底捞火锅(范阳中路君悦广场店)、海底捞火锅(惠友购物中心店)、海底捞火锅(钟楼海悦购物广场店)","",""
"虫草花乌鸡丸（火锅）","火锅涮品","3","火锅","main","","海底捞火锅(范阳中路君悦广场店)、海底捞火锅(惠友购物中心店)、海底捞火锅(钟楼海悦购物广场店)","",""
"鲜鸭血（火锅）","火锅涮品","3","火锅","main","","相家重庆老火锅(翠园街总店)、骊火锅(涿州总店)、骊火锅(徐水店)","",""
"鸳鸯锅（火锅）","火锅涮品","3","火锅","main","","相家重庆老火锅(翠园街总店)、袁记串串香(电谷店)、马路边边串串香(亨通南街店)","",""
"鸭掌（火锅）","火锅涮品","3","火锅","main","","相家重庆老火锅(翠园街总店)、海底捞火锅(万博广场店)、川麻婆泥锅涮肚(容城店)","",""
"火锅底料（火锅）","火锅涮品","3","火锅","main","","捞悦国际·火锅、巴蜀大将火锅(河北容城店)、南焰铁木美式烟熏烤肉(铸机社区店)","",""
"年糕（火锅）","火锅涮品","3","火锅","drink","韩式炒年糕、芝士年糕火锅","相家重庆老火锅(李庄街店)、相家重庆老火锅(翠园街5店)、相家重庆老火锅(保定爱情广场店)","",""
"韩式五花肉（火锅）","火锅涮品","3","火锅","main","","壹捞火锅店(阳光店)、壹捞百味蘸料火锅(秀兰·锦观城店)、小肚腩烤肉","",""
"串串（火锅）","火锅涮品","3","火锅","main","成都冷锅串串","蔓姑娘手提老火锅(人民大街店)、川麻婆泥锅涮肚、川麻婆泥锅涮肚(容城店)","",""
"油条（火锅）","火锅涮品","3","火锅","staple","豆浆油条","呷哺呷哺(天洋店)、川麻婆泥锅涮肚、小辣椒与小鱼儿鲜鱼自助火锅裕华东路店","",""
"高钙羊肉（火锅）","火锅涮品","2","火锅","main","","常赢三兄弟·清真涮肉(东湖店)、故盛斋清真涮肉·烧烤(华电一校店)","",""
"扒肉条（火锅）","火锅涮品","2","火锅","main","","常赢三兄弟·清真涮肉(东湖店)、伊林罩饼(亢龙骏景B区店)","",""
"精品羊肉（火锅）","火锅涮品","2","火锅","main","","双龙斋涮肉(恒祥大街店)、无穷花(百花园小区店)","",""
"手切羊肉（火锅）","火锅涮品","2","火锅","main","","双龙斋涮肉(恒祥大街店)、壹捞火锅店(阳光店)","",""
"鲜毛肚（火锅）","火锅涮品","2","火锅","main","","相家重庆老火锅(翠园街总店)、壹捞百味蘸料火锅(秀兰·锦观城店)","",""
"西瓜（火锅）","火锅涮品","2","火锅","main","","海底捞火锅(万博广场店)、亚华大酒店-自助餐厅(乐凯南大街店)","",""
"冰激淋（火锅）","火锅涮品","2","火锅","main","","捞悦国际·火锅、比格比萨自助(保定商业大厦店)","",""
"拌面（火锅）","火锅涮品","2","火锅","staple","咸蛋黄拌面、新疆牛肉拌面","相家重庆老火锅(李庄街店)、川香苑","",""
"蔬菜拼盘（火锅）","火锅涮品","2","火锅","side","烤蔬菜拼盘","三月生养生冬瓜盅火锅(秀兰·尚城店)、故盛斋清真涮肉·烧烤(华电一校店)","",""
"生蚝（火锅）","火锅涮品","2","火锅","main","烤生蚝（4只）","三月生养生冬瓜盅火锅(秀兰·尚城店)、沃伦尼烤肉自助餐厅(保定嘉德万达广场店)","",""
"黄油（火锅）","火锅涮品","2","火锅","main","可颂配黄油","相家重庆老火锅(翠园街5店)、时尚客牛排(世纪大厦店)","",""
"手擀面（火锅）","火锅涮品","2","火锅","staple","","壹捞火锅店(阳光店)、六年二班老成都串串香(顺平店)","",""
"金牌肥牛（火锅）","火锅涮品","2","火锅","main","","壹捞火锅店(阳光店)、壹捞百味蘸料火锅(秀兰·锦观城店)","",""
"野生菌汤锅（火锅）","火锅涮品","2","火锅","side","","壹捞火锅店(阳光店)、壹捞百味蘸料火锅(秀兰·锦观城店)","",""
"龙利鱼（火锅）","火锅涮品","2","火锅","main","","壹捞火锅店(阳光店)、壹捞百味蘸料火锅(秀兰·锦观城店)","",""
"厚切牛黄喉（火锅）","火锅涮品","2","火锅","main","","骊火锅(涿州总店)、骊火锅(徐水店)","",""
"贡菜羊肉丸（火锅）","火锅涮品","2","火锅","main","","骊火锅(涿州总店)、骊火锅(徐水店)","",""
"爆打柠檬茶（火锅）","火锅涮品","2","火锅","drink","","骊火锅(涿州总店)、骊火锅(徐水店)","",""
"西瓜冰粉（火锅）","火锅涮品","2","火锅","drink","","骊火锅(涿州总店)、骊火锅(徐水店)","",""
"鲜切吊龙（火锅）","火锅涮品","2","火锅","main","","骊火锅(涿州总店)、骊火锅(徐水店)","",""
"土豆千丝（火锅）","火锅涮品","2","火锅","side","","骊火锅(涿州总店)、骊火锅(徐水店)","",""
"青花椒牛肉（火锅）","火锅涮品","2","火锅","main","","骊火锅(涿州总店)、骊火锅(徐水店)","",""
"鲜切羊腿肉（火锅）","火锅涮品","2","火锅","main","","骊火锅(涿州总店)、骊火锅(徐水店)","",""
"奶油（火锅）","火锅涮品","2","火锅","drink","奶油蘑菇汤","巴卤社老火锅(恒通财富中心店)、云贵川味道(七一路店)","",""
"臭豆腐（火锅）","火锅涮品","2","火锅","side","长沙臭豆腐","清真铜炉张鲜肉火锅(清真寺街店)、老邻居铜锅涮肉(帅府小区店)","",""
"沸腾鱼（火锅）","火锅涮品","2","火锅","main","","金筷子西北菜·捞悦火锅、老城根(天鹅路店)","",""
"烧茄子（火锅）","火锅涮品","2","火锅","side","豆角烧茄子","庆春园炒涮城(天鹅西区店)、锅碗记(红旗大街店)工会驿站","",""
"墨鱼丸（火锅）","火锅涮品","2","火锅","main","","故盛斋清真涮肉·烧烤(华电一校店)、佳和过桥米线(建设街店)","",""
"烤羊肉串（火锅）","火锅涮品","2","火锅","main","炭烤羊肉串（10串）","七合轩铜锅涮肉、胡子烧烤(向阳南大街店)","",""
"炒方便面（火锅）","火锅涮品","2","火锅","staple","","达子烤羊腿涮肉(旗舰店)、小港正味海鲜龙虾烧烤城","",""
"腰子火烧（火锅）","火锅涮品","2","火锅","staple","","达子烤羊腿涮肉(旗舰店)、小胖子烧烤(五四路店)","",""
"韭菜（火锅）","火锅涮品","2","火锅","side","烤韭菜、韭菜鸡蛋水饺","达子烤羊腿涮肉(旗舰店)、顾记小吃顾小串","",""
"羊鞭（火锅）","火锅涮品","2","火锅","main","","达子烤羊腿涮肉(旗舰店)、胡子烧烤(向阳南大街店)","",""
"炸串（火锅）","火锅涮品","2","火锅","main","炸串（10串）","达子烤羊腿涮肉(旗舰店)、亚华大酒店-自助餐厅(乐凯南大街店)","",""
"鸳鸯锅底（火锅）","火锅涮品","2","火锅","main","","苏尼特铜锅涮肉(保府店)、吉吉至尊火锅串串(秀兰·锦观城店)","",""
"鲜牛肉（火锅）","火锅涮品","2","火锅","main","","苏尼特铜锅涮肉(保府店)、傣青春鲜肉小锅米线","",""
"烤馒头片（火锅）","火锅涮品","2","火锅","staple","","清真宝盛兴铜锅涮肉烧烤、达子烤羊腿(阳光北大街店)","",""
"小蛋糕（火锅）","火锅涮品","2","火锅","drink","","袁记串串香(恒通店)、小辣椒与小鱼儿鲜鱼自助火锅裕华东路店","",""
"自助火锅（火锅）","火锅涮品","2","火锅","main","","六年二班老成都串串香(顺平店)、亚华大酒店-自助餐厅(乐凯南大街店)","",""
"烤鸡（火锅）","火锅涮品","2","火锅","main","烤鸡腿、泰式烤鸡","王小二鸽子王东北烧烤、富美西厨","",""
"扬州炒饭（火锅）","火锅涮品","2","火锅","staple","","辣家私厨(保定店)、锅碗记(红旗大街店)工会驿站","",""
"锅底（火锅）","火锅涮品","2","火锅","main","","虾胡闹虾滑自助火锅(未来石万达店)、小龙坎老火锅(天奕商厦店)","",""
"蛋炒饭（火锅）","火锅涮品","2","火锅","staple","扬州蛋炒饭、鸡蛋炒饭/米粉/河粉","将府重庆火锅(裕华路店)、安国潮兴餐馆","",""
"极品双拼（火锅）","火锅涮品","1","火锅","main","","常赢三兄弟·清真涮肉(东湖店)","",""
"手切鲜肉（火锅）","火锅涮品","1","火锅","main","","常赢三兄弟·清真涮肉(东湖店)","",""
"半边云（火锅）","火锅涮品","1","火锅","main","","常赢三兄弟·清真涮肉(东湖店)","",""
"特级肥牛（火锅）","火锅涮品","1","火锅","main","","常赢三兄弟·清真涮肉(东湖店)","",""
"牛肉套皮（火锅）","火锅涮品","1","火锅","main","","常赢三兄弟·清真涮肉(东湖店)","",""
"牛小排（火锅）","火锅涮品","1","火锅","main","","常赢三兄弟·清真涮肉(东湖店)","",""
"一拳定乾坤（火锅）","火锅涮品","1","火锅","main","","常赢三兄弟·清真涮肉(东湖店)","",""
"清汤（火锅）","火锅涮品","1","火锅","main","","双龙斋涮肉(恒祥大街店)","",""
"蔬菜全家福（火锅）","火锅涮品","1","火锅","side","","双龙斋涮肉(恒祥大街店)","",""
"鲜鸭肠（火锅）","火锅涮品","1","火锅","main","","相家重庆老火锅(翠园街总店)","",""
"杨梅汁（火锅）","火锅涮品","1","火锅","drink","","相家重庆老火锅(翠园街总店)","",""
"散养手切羊肉（火锅）","火锅涮品","1","火锅","main","","相家重庆老火锅(翠园街总店)","",""
"牛黄喉（火锅）","火锅涮品","1","火锅","main","","相家重庆老火锅(翠园街总店)","",""
"冰鲜毛肚（火锅）","火锅涮品","1","火锅","main","","相家重庆老火锅(翠园街总店)","",""
"现宰牛蛙（火锅）","火锅涮品","1","火锅","main","","相家重庆老火锅(翠园街总店)","",""
"水上漂（火锅）","火锅涮品","1","火锅","main","","相家重庆老火锅(翠园街总店)","",""
"番茄汤（火锅）","火锅涮品","1","火锅","side","","海底捞火锅(万博广场店)","",""
"魔芋丝（火锅）","火锅涮品","1","火锅","main","","海底捞火锅(万博广场店)","",""
"捞派滑牛（火锅）","火锅涮品","1","火锅","main","","海底捞火锅(万博广场店)","",""
"包心生菜（火锅）","火锅涮品","1","火锅","side","","海底捞火锅(万博广场店)","",""
"捞面（火锅）","火锅涮品","1","火锅","staple","港式捞面","海底捞火锅(万博广场店)","",""
"鱿鱼须（火锅）","火锅涮品","1","火锅","main","","海底捞火锅(万博广场店)","",""
"薄荷糖（火锅）","火锅涮品","1","火锅","main","","海底捞火锅(万博广场店)","",""
"鱼饼（火锅）","火锅涮品","1","火锅","staple","","海底捞火锅(万博广场店)","",""
"海派滑牛肉（火锅）","火锅涮品","1","火锅","main","","海底捞火锅(万博广场店)","",""
"抻面（火锅）","火锅涮品","1","火锅","staple","","海底捞火锅(万博广场店)","",""
"云吞面（火锅）","火锅涮品","1","火锅","staple","鲜虾云吞面","捞悦国际·火锅","",""
"牛板筋（火锅）","火锅涮品","1","火锅","main","","伊林罩饼(亢龙骏景B区店)","",""
"海米油菜（火锅）","火锅涮品","1","火锅","side","","伊林罩饼(亢龙骏景B区店)","",""
"凉菜素拼（火锅）","火锅涮品","1","火锅","side","","伊林罩饼(亢龙骏景B区店)","",""
"三鲜烧腐竹（火锅）","火锅涮品","1","火锅","side","","伊林罩饼(亢龙骏景B区店)","",""
"锅仔羊杂（火锅）","火锅涮品","1","火锅","main","","伊林罩饼(亢龙骏景B区店)","",""
"水煮花生米（火锅）","火锅涮品","1","火锅","main","","伊林罩饼(亢龙骏景B区店)","",""
"一品鱼排（火锅）","火锅涮品","1","火锅","main","","伊林罩饼(亢龙骏景B区店)","",""
"麻辣豆腐（火锅）","火锅涮品","1","火锅","side","","伊林罩饼(亢龙骏景B区店)","",""
"香葱杏鲍菇（火锅）","火锅涮品","1","火锅","side","","伊林罩饼(亢龙骏景B区店)","",""
"酸汤羊肚丝（火锅）","火锅涮品","1","火锅","main","","伊林罩饼(亢龙骏景B区店)","",""
"羊胸口烧白菜（火锅）","火锅涮品","1","火锅","main","","伊林罩饼(亢龙骏景B区店)","",""
"红烧牛尾（火锅）","火锅涮品","1","火锅","main","","伊林罩饼(亢龙骏景B区店)","",""
"糖醋丸子（火锅）","火锅涮品","1","火锅","main","","伊林罩饼(亢龙骏景B区店)","",""
"牛腩（火锅）","火锅涮品","1","火锅","main","番茄牛腩、咖喱牛腩饭","伊林罩饼(亢龙骏景B区店)","",""
"特级羊腿肉（火锅）","火锅涮品","1","火锅","main","","北京清真常赢三兄弟涮肉(保定店)","",""
"手切鲜羊里脊（火锅）","火锅涮品","1","火锅","main","","北京清真常赢三兄弟涮肉(保定店)","",""
"鱼丸拼（火锅）","火锅涮品","1","火锅","main","","北京清真常赢三兄弟涮肉(保定店)","",""
"虾丸拼（火锅）","火锅涮品","1","火锅","main","","北京清真常赢三兄弟涮肉(保定店)","",""
"肥牛外脊（火锅）","火锅涮品","1","火锅","main","","北京清真常赢三兄弟涮肉(保定店)","",""
"肥牛上脑（火锅）","火锅涮品","1","火锅","main","","北京清真常赢三兄弟涮肉(保定店)","",""
"羊肋卷（火锅）","火锅涮品","1","火锅","main","","北京清真常赢三兄弟涮肉(保定店)","",""
"羊肉丸（火锅）","火锅涮品","1","火锅","main","","北京清真常赢三兄弟涮肉(保定店)","",""
"川味果香五花腊肉（火锅）","火锅涮品","1","火锅","main","","海底捞火锅(北国先天下店)","",""
"杂粮涮拼（火锅）","火锅涮品","1","火锅","main","","三月生养生冬瓜盅火锅(秀兰·尚城店)","",""
"鸡枞菌（火锅）","火锅涮品","1","火锅","main","","三月生养生冬瓜盅火锅(秀兰·尚城店)","",""
"浪花海蜇（火锅）","火锅涮品","1","火锅","main","","三月生养生冬瓜盅火锅(秀兰·尚城店)","",""
"一口嫩牛肉（火锅）","火锅涮品","1","火锅","main","","三月生养生冬瓜盅火锅(秀兰·尚城店)","",""
"潮汕甘梅水果（火锅）","火锅涮品","1","火锅","main","","三月生养生冬瓜盅火锅(秀兰·尚城店)","",""
"芒果虾滑牛肉（火锅）","火锅涮品","1","火锅","main","","三月生养生冬瓜盅火锅(秀兰·尚城店)","",""
"广东清远鸡（火锅）","火锅涮品","1","火锅","main","","三月生养生冬瓜盅火锅(秀兰·尚城店)","",""
"开背海白虾（火锅）","火锅涮品","1","火锅","main","","三月生养生冬瓜盅火锅(秀兰·尚城店)","",""
"顶级肥牛（火锅）","火锅涮品","1","火锅","main","","壹捞火锅店(阳光店)","",""
"骨香清汤锅（火锅）","火锅涮品","1","火锅","main","","壹捞火锅店(阳光店)","",""
"娃娃菜（火锅）","火锅涮品","1","火锅","side","上汤娃娃菜、干锅娃娃菜","壹捞火锅店(阳光店)","",""
"手切羊后腿（火锅）","火锅涮品","1","火锅","main","","壹捞火锅店(阳光店)","",""
"牛眼肉（火锅）","火锅涮品","1","火锅","main","","壹捞火锅店(阳光店)","",""
"圆生菜（火锅）","火锅涮品","1","火锅","side","","壹捞火锅店(阳光店)","",""
"土豆粉（火锅）","火锅涮品","1","火锅","staple","","壹捞火锅店(阳光店)","",""
"手工打牛肉（火锅）","火锅涮品","1","火锅","main","","壹捞火锅店(阳光店)","",""
"红薯片（火锅）","火锅涮品","1","火锅","main","","壹捞火锅店(阳光店)","",""
"手打牛肉（火锅）","火锅涮品","1","火锅","main","","壹捞百味蘸料火锅(秀兰·锦观城店)","",""
"乌鸡卷（火锅）","火锅涮品","1","火锅","main","","壹捞百味蘸料火锅(秀兰·锦观城店)","",""
"绝代双椒锅（火锅）","火锅涮品","1","火锅","main","","壹捞百味蘸料火锅(秀兰·锦观城店)","",""
"辣旋风牛肉酸辣锅（火锅）","火锅涮品","1","火锅","main","","壹捞百味蘸料火锅(秀兰·锦观城店)","",""
"果蔬鲜汤锅（火锅）","火锅涮品","1","火锅","main","","壹捞百味蘸料火锅(秀兰·锦观城店)","",""
"优质肥牛（火锅）","火锅涮品","1","火锅","main","","壹捞百味蘸料火锅(秀兰·锦观城店)","",""
"菜籽油麻辣锅（火锅）","火锅涮品","1","火锅","side","","壹捞百味蘸料火锅(秀兰·锦观城店)","",""
"阿根廷大虾（火锅）","火锅涮品","1","火锅","main","","壹捞百味蘸料火锅(秀兰·锦观城店)","",""
"特色羊腰（火锅）","火锅涮品","1","火锅","main","","金筷子西北菜·捞悦火锅","",""
"金筷子功夫鱼（火锅）","火锅涮品","1","火锅","main","","金筷子西北菜·捞悦火锅","",""
"石锅杏鲍菇（火锅）","火锅涮品","1","火锅","side","","金筷子西北菜·捞悦火锅","",""
"麻仁鸡蛋（火锅）","火锅涮品","1","火锅","main","","金筷子西北菜·捞悦火锅","",""
"辣椒炒鸡（火锅）","火锅涮品","1","火锅","main","辣椒炒鸡丁","金筷子西北菜·捞悦火锅","",""
"金筷子炒鸡（火锅）","火锅涮品","1","火锅","main","","金筷子西北菜·捞悦火锅","",""
"西北味道烤大串（火锅）","火锅涮品","1","火锅","main","","金筷子西北菜·捞悦火锅","",""
"铁板蒜香虾（火锅）","火锅涮品","1","火锅","main","","金筷子西北菜·捞悦火锅","",""
"铁板鱿鱼丝（火锅）","火锅涮品","1","火锅","main","","金筷子西北菜·捞悦火锅","",""
"凉拌面筋（火锅）","火锅涮品","1","火锅","staple","","金筷子西北菜·捞悦火锅","",""
"西北牛大骨（火锅）","火锅涮品","1","火锅","main","","金筷子西北菜·捞悦火锅","",""
"一品豆腐（火锅）","火锅涮品","1","火锅","side","","金筷子西北菜·捞悦火锅","",""
"鲅鱼羊肉（火锅）","火锅涮品","1","火锅","main","","庆春园炒涮城(天鹅西区店)","",""
"香脆羊肉（火锅）","火锅涮品","1","火锅","main","","庆春园炒涮城(天鹅西区店)","",""
"水爆肚（火锅）","火锅涮品","1","火锅","main","","庆春园炒涮城(天鹅西区店)","",""
"三鲜扒肉条（火锅）","火锅涮品","1","火锅","main","","庆春园炒涮城(天鹅西区店)","",""
"牛肉丸子（火锅）","火锅涮品","1","火锅","main","","庆春园炒涮城(天鹅西区店)","",""
"肥牛卷（火锅）","火锅涮品","1","火锅","main","","苏尼特草原牧睿涮肉(话剧院社区店)","",""
"肉卷（火锅）","火锅涮品","1","火锅","main","牛肉卷饼、墨西哥鸡肉卷","苏尼特草原牧睿涮肉(话剧院社区店)","",""
"红油锅底（火锅）","火锅涮品","1","火锅","main","","苏尼特草原牧睿涮肉(话剧院社区店)","",""
"宽粉（火锅）","火锅涮品","1","火锅","staple","","故盛斋清真涮肉·烧烤(华电一校店)","",""
"油豆皮（火锅）","火锅涮品","1","火锅","side","","故盛斋清真涮肉·烧烤(华电一校店)","",""
"鲜摩裆肉（火锅）","火锅涮品","1","火锅","main","","故盛斋清真涮肉·烧烤(华电一校店)","",""
"羊上脑（火锅）","火锅涮品","1","火锅","main","","故盛斋清真涮肉·烧烤(华电一校店)","",""
"精品肥牛肉（火锅）","火锅涮品","1","火锅","main","","故盛斋清真涮肉·烧烤(华电一校店)","",""
"涮鱼片（火锅）","火锅涮品","1","火锅","main","","故盛斋清真涮肉·烧烤(华电一校店)","",""
"手切鲜羊肉（火锅）","火锅涮品","1","火锅","main","","故盛斋清真涮肉·烧烤(华电一校店)","",""
"鸡肉卷（火锅）","火锅涮品","1","火锅","main","墨西哥鸡肉卷、低脂鸡肉卷饼","故盛斋清真涮肉·烧烤(华电一校店)","",""
"内蒙羔羊（火锅）","火锅涮品","1","火锅","main","","故盛斋清真涮肉·烧烤(华电一校店)","",""
"老北京水爆鲜毛肚（火锅）","火锅涮品","1","火锅","main","","七合轩铜锅涮肉","",""
"鲜剔羊建肉（火锅）","火锅涮品","1","火锅","main","","七合轩铜锅涮肉","",""
"招牌牛羊鲜拼（火锅）","火锅涮品","1","火锅","main","","七合轩铜锅涮肉","",""
"手切牛吊龙（火锅）","火锅涮品","1","火锅","main","","七合轩铜锅涮肉","",""
"羊腱子（火锅）","火锅涮品","1","火锅","main","","达子烤羊腿涮肉(旗舰店)","",""
"羊腰子（火锅）","火锅涮品","1","火锅","main","","达子烤羊腿涮肉(旗舰店)","",""
"炸馒头片（火锅）","火锅涮品","1","火锅","staple","","达子烤羊腿涮肉(旗舰店)","",""
"豆角（火锅）","火锅涮品","1","火锅","side","干煸豆角、干煸豆角饭","达子烤羊腿涮肉(旗舰店)","",""
"羊宝（火锅）","火锅涮品","1","火锅","main","","达子烤羊腿涮肉(旗舰店)","",""
"扇贝（火锅）","火锅涮品","1","火锅","main","蒜蓉粉丝扇贝","达子烤羊腿涮肉(旗舰店)","",""
"大开卫（火锅）","火锅涮品","1","火锅","main","","达子烤羊腿涮肉(旗舰店)","",""
"羊肚（火锅）","火锅涮品","1","火锅","main","","京味涮(秀兰城市美居东区店)","",""
"川渝麻辣牛肉（火锅）","火锅涮品","1","火锅","main","","苏尼特铜锅涮肉(保府店)","",""
"草原羊羔（火锅）","火锅涮品","1","火锅","main","","苏尼特铜锅涮肉(保府店)","",""
"铜锅养生汤底（火锅）","火锅涮品","1","火锅","main","","苏尼特铜锅涮肉(保府店)","",""
"清汤锅底（火锅）","火锅涮品","1","火锅","main","","苏尼特铜锅涮肉(保府店)","",""
"手切鲜羊腱（火锅）","火锅涮品","1","火锅","main","","清真宝盛兴铜锅涮肉烧烤","",""
"精品高钙羊肉（火锅）","火锅涮品","1","火锅","main","","清真宝盛兴铜锅涮肉烧烤","",""
"精品嫩牛肉（火锅）","火锅涮品","1","火锅","main","","清真宝盛兴铜锅涮肉烧烤","",""
"羔羊肉卷（火锅）","火锅涮品","1","火锅","main","","清真宝盛兴铜锅涮肉烧烤","",""
"自制牛肉（火锅）","火锅涮品","1","火锅","main","","吉吉至尊火锅串串(秀兰·锦观城店)","",""
"自制排骨（火锅）","火锅涮品","1","火锅","main","","吉吉至尊火锅串串(秀兰·锦观城店)","",""
"梅林午餐肉（火锅）","火锅涮品","1","火锅","main","","吉吉至尊火锅串串(秀兰·锦观城店)","",""
"鲜面条（火锅）","火锅涮品","1","火锅","staple","","袁记串串香(容城店)","",""
"火锅串串（火锅）","火锅涮品","1","火锅","main","","六年二班老成都串串香(顺平店)","",""
"鱼汤（火锅）","火锅涮品","1","火锅","main","","袁记串串香(佳远水园湾店)","",""
"麻辣串（火锅）","火锅涮品","1","火锅","main","","重庆小胡子火锅麻辣烫(涿州店)","",""
"辣家龙虾拌面（火锅）","火锅涮品","1","火锅","staple","","辣家私厨(保定店)","",""
"辣家特色烤脑花（火锅）","火锅涮品","1","火锅","main","","辣家私厨(保定店)","",""
"秘制香酥鸭舌（火锅）","火锅涮品","1","火锅","main","","辣家私厨(保定店)","",""
"辣家特色烤扇贝（火锅）","火锅涮品","1","火锅","main","","辣家私厨(保定店)","",""
"辣家特色烤大虾（火锅）","火锅涮品","1","火锅","main","","辣家私厨(保定店)","",""
"红柳羊肉串（火锅）","火锅涮品","1","火锅","main","","辣家私厨(保定店)","",""
"特色涮牛肚（火锅）","火锅涮品","1","火锅","main","","辣家私厨(保定店)","",""
"辣家特色烤生蚝（火锅）","火锅涮品","1","火锅","main","","辣家私厨(保定店)","",""
"金牌蒜泥龙虾（火锅）","火锅涮品","1","火锅","main","","辣家私厨(保定店)","",""
"乐曼樱桃（火锅）","火锅涮品","1","火锅","main","","辣家私厨(保定店)","",""
"北冰洋（火锅）","火锅涮品","1","火锅","main","","辣家私厨(保定店)","",""
"山葱花炝拌黄瓜（火锅）","火锅涮品","1","火锅","side","","辣家私厨(保定店)","",""
"炸货（火锅）","火锅涮品","1","火锅","main","","虾胡闹虾滑自助火锅(未来石万达店)","",""
"慕斯蛋糕（火锅）","火锅涮品","1","火锅","drink","","虾胡闹虾滑自助火锅(未来石万达店)","",""
"手打虾滑（火锅）","火锅涮品","1","火锅","main","","虾胡闹虾滑自助火锅(未来石万达店)","",""
"翅中虾（火锅）","火锅涮品","1","火锅","main","","尉智大虾(雄县店)","",""
"招牌香辣虾（火锅）","火锅涮品","1","火锅","main","","尉智大虾(雄县店)","",""
"排骨虾（火锅）","火锅涮品","1","火锅","main","","尉智大虾(雄县店)","",""
"鱿鱼虾（火锅）","火锅涮品","1","火锅","main","","尉智大虾(雄县店)","",""
"特色鸡腿虾（火锅）","火锅涮品","1","火锅","main","","尉智大虾(雄县店)","",""
"手打柠檬茶（火锅）","火锅涮品","1","火锅","drink","","相家重庆老火锅(保定爱情广场店)","",""
"极品鲜毛肚（火锅）","火锅涮品","1","火锅","main","","小龙坎老火锅(天奕商厦店)","",""
"冰球鹅肠（火锅）","火锅涮品","1","火锅","main","","小龙坎老火锅(天奕商厦店)","",""
"精品黄喉（火锅）","火锅涮品","1","火锅","main","","小龙坎老火锅(天奕商厦店)","",""
"极品鲜鹅肠（火锅）","火锅涮品","1","火锅","main","","小龙坎老火锅(天奕商厦店)","",""
"水晶牛肉（火锅）","火锅涮品","1","火锅","main","","小龙坎老火锅(天奕商厦店)","",""
"现炸酥肉（火锅）","火锅涮品","1","火锅","main","","小龙坎老火锅(天奕商厦店)","",""
"小龙坎毛肚（火锅）","火锅涮品","1","火锅","main","","小龙坎老火锅(天奕商厦店)","",""
"招牌肥肠鸡（火锅）","火锅涮品","1","火锅","main","","重庆老妈火锅(鹏翔小区店)","",""
"招牌扎皮蹄花（火锅）","火锅涮品","1","火锅","main","","重庆老妈火锅(鹏翔小区店)","",""
"秘制卤制凤爪（火锅）","火锅涮品","1","火锅","main","","重庆老妈火锅(鹏翔小区店)","",""
"荤素拼盘（火锅）","火锅涮品","1","火锅","main","","重庆老妈火锅(鹏翔小区店)","",""
"香卤猪脚（火锅）","火锅涮品","1","火锅","main","","重庆老妈火锅(鹏翔小区店)","",""
"秘制招牌蹄花（火锅）","火锅涮品","1","火锅","main","","重庆老妈火锅(鹏翔小区店)","",""
"自贡馋嘴肥肠鱼（火锅）","火锅涮品","1","火锅","main","","重庆老妈火锅(鹏翔小区店)","",""
"猪蹄火锅（火锅）","火锅涮品","1","火锅","main","","重庆老妈火锅(鹏翔小区店)","",""
"招牌红油锅底（火锅）","火锅涮品","1","火锅","main","","重庆老妈火锅(鹏翔小区店)","",""
"卤制鸭翅（火锅）","火锅涮品","1","火锅","main","","重庆老妈火锅(鹏翔小区店)","",""
"木耳（火锅）","火锅涮品","1","火锅","side","凉拌木耳、爽口黑木耳","重庆老妈火锅(鹏翔小区店)","",""
"竹笋（火锅）","火锅涮品","1","火锅","side","方竹笋炒腊肉、山竹笋炒腊肉","重庆老妈火锅(鹏翔小区店)","",""
"虎皮鸡爪（火锅）","火锅涮品","1","火锅","main","","重庆老妈火锅(鹏翔小区店)","",""
"招牌麻辣红油锅底（火锅）","火锅涮品","1","火锅","main","","重庆老妈火锅(鹏翔小区店)","",""
"招牌麻油红油锅（火锅）","火锅涮品","1","火锅","main","","重庆老妈火锅(鹏翔小区店)","",""
"招牌浓郁酱香锅底（火锅）","火锅涮品","1","火锅","main","","重庆老妈火锅(鹏翔小区店)","",""
"鲜豆腐（火锅）","火锅涮品","1","火锅","side","石锅海鲜豆腐","重庆老妈火锅(鹏翔小区店)","",""
"芹菜（火锅）","火锅涮品","1","火锅","side","","仙座重庆市井火锅(涿州店)","",""
"茶汤（火锅）","火锅涮品","1","火锅","drink","","仙座重庆市井火锅(涿州店)","",""
"红油锅（火锅）","火锅涮品","1","火锅","main","","咘嘎咕市井火锅(唐县沃隆时代广场店)","",""
"乌鸡肉卷（火锅）","火锅涮品","1","火锅","main","","咘嘎咕市井火锅(唐县沃隆时代广场店)","",""
"火锅套餐（火锅）","火锅涮品","1","火锅","main","","咘嘎咕市井火锅(唐县沃隆时代广场店)","",""
"牛油锅（火锅）","火锅涮品","1","火锅","main","","咘嘎咕市井火锅(唐县沃隆时代广场店)","",""
"现切牛肉（火锅）","火锅涮品","1","火锅","main","","巴蜀大将火锅(河北容城店)","",""
"菠萝包（火锅）","火锅涮品","1","火锅","staple","","广东味道·万宴城","",""
"手工面（火锅）","火锅涮品","1","火锅","staple","","农小锅自助小火锅(保定惠友购物广场店)","",""
"小火锅（火锅）","火锅涮品","1","火锅","main","一人食小火锅","小辣椒与小鱼儿鲜鱼自助火锅裕华东路店","",""
"鸡腿（火锅）","火锅涮品","1","火锅","main","烤鸡腿、鸡腿饭","小辣椒与小鱼儿鲜鱼自助火锅裕华东路店","",""
"烤串（烧烤）","烧烤烤串","18","烧烤","main","炭火烤串＋凉菜","常赢三兄弟(瑞安路店)、胡子烧烤(向阳南大街店)、顾记小吃顾小串","",""
"羊肉串（烧烤）","烧烤烤串","15","烧烤","main","","伊林罩饼(亢龙骏景B区店)、顾记小吃顾小串、小树林烧烤夜馄饨(百花电影院店)","",""
"烤鱼（烧烤）","烧烤烤串","11","烧烤","main","麻辣烤鱼、豆豉烤鱼","小胖子烧烤(五四路店)、安大雪烧烤店(风帆蓄电池厂第二生活区店)、翼酷烧烤(社区食堂)","",""
"羊排（烧烤）","烧烤烤串","7","烧烤","main","孜然烤羊排","达子烤羊腿涮肉(旗舰店)、小树林烧烤(七一西路店)、小魏烧烤老店","",""
"土豆泥（烧烤）","烧烤烤串","4","烤肉","side","土豆泥肉酱拌面","达子烤羊腿涮肉(旗舰店)、西塔老太太泥炉烤肉(保定万博广场店)、炭火空间韩国烤肉(万博店)","",""
"肉串（烧烤）","烧烤烤串","4","烧烤","main","","老四烧烤(百花小区店)、烤舍东北烧烤(怡园小区店)、老墩烧烤(丽景溪城店)","",""
"排骨（烧烤）","烧烤烤串","4","烧烤","main","排骨汤、糖醋排骨","翼酷烧烤(社区食堂)、安国潮兴餐馆、东东胖仔米线(徐水店)","",""
"锡盟草原羔羊排肉（烧烤）","烧烤烤串","2","家常","main","","呷哺呷哺(家兴购物广场店)、呷哺呷哺(阳光店)","",""
"鸡架（烧烤）","烧烤烤串","2","烧烤","main","","破店肥哈·海鲜·烧烤(翠园街店)、东北老字号","",""
"烤面包（烧烤）","烧烤烤串","2","东北","staple","","东北老字号、亮老三烧烤•安国地标烧烤","",""
"土豆（烧烤）","烧烤烤串","2","烧烤","side","狼牙土豆、醋溜土豆丝","小港正味海鲜龙虾烧烤城、重庆老妈火锅(鹏翔小区店)","",""
"鸡块（烧烤）","烧烤烤串","1","烧烤","main","日式炸鸡块、鸡块（6块）","小广东地摊猪肚鸡原味烧烤","",""
"手抓龙虾（烧烤）","烧烤烤串","1","烧烤","main","","胡子烧烤(向阳南大街店)","",""
"羊腰（烧烤）","烧烤烤串","1","烧烤","main","","胡子烧烤(向阳南大街店)","",""
"麻辣牛蛙（烧烤）","烧烤烤串","1","烧烤","main","","胡子烧烤(向阳南大街店)","",""
"口味汤虾（烧烤）","烧烤烤串","1","烧烤","main","","胡子烧烤(向阳南大街店)","",""
"烤大蒜（烧烤）","烧烤烤串","1","烧烤","main","","胡子烧烤(向阳南大街店)","",""
"烤馒头干（烧烤）","烧烤烤串","1","烧烤","staple","","胡子烧烤(向阳南大街店)","",""
"砂锅豆腐（烧烤）","烧烤烤串","1","烧烤","side","","胡子烧烤(向阳南大街店)","",""
"烤扇贝（烧烤）","烧烤烤串","1","烧烤","main","","胡子烧烤(向阳南大街店)","",""
"烤鸡翅（烧烤）","烧烤烤串","1","烧烤","main","烤鸡翅（6只）","胡子烧烤(向阳南大街店)","",""
"腰子（烧烤）","烧烤烤串","1","烧烤","main","","小先烧烤卤煮火烧(花园里小区店)","",""
"火烧烤（烧烤）","烧烤烤串","1","烧烤","staple","","小先烧烤卤煮火烧(花园里小区店)","",""
"烤全羊（烧烤）","烧烤烤串","1","烧烤","main","","小树林烧烤夜馄饨(百花电影院店)","",""
"烤羊排（烧烤）","烧烤烤串","1","烧烤","main","孜然烤羊排","李子餐厅(小李子烧烤)","",""
"小串（烧烤）","烧烤烤串","1","烧烤","main","","老四烧烤(百花小区店)","",""
"素焖饼（烧烤）","烧烤烤串","1","烧烤","staple","","东北往事烧烤店","",""
"小海鲜（烧烤）","烧烤烤串","1","烧烤","main","","火龙烧烤(木兰街店)","",""
"烤生蚝（烧烤）","烧烤烤串","1","烧烤","main","烤生蚝（4只）","野人烧烤(翠园街店)","",""
"烤土豆片（烧烤）","烧烤烤串","1","家常","side","","达子烤羊腿(阳光北大街店)","",""
"烤羊心管（烧烤）","烧烤烤串","1","家常","main","","达子烤羊腿(阳光北大街店)","",""
"烤尖椒（烧烤）","烧烤烤串","1","家常","main","","达子烤羊腿(阳光北大街店)","",""
"番茄酱（烧烤）","烧烤烤串","1","烧烤","side","","小魏烧烤老店","",""
"鸡肉小串（烧烤）","烧烤烤串","1","烧烤","main","","一哥炝板筋海鲜烧烤大排档(百花西路)","",""
"烤腰筋（烧烤）","烧烤烤串","1","烧烤","main","","一哥炝板筋海鲜烧烤大排档(百花西路)","",""
"烤鱼豆腐（烧烤）","烧烤烤串","1","烧烤","main","","一哥炝板筋海鲜烧烤大排档(百花西路)","",""
"辣炒田螺（烧烤）","烧烤烤串","1","烧烤","main","","一哥炝板筋海鲜烧烤大排档(百花西路)","",""
"鸡柳（烧烤）","烧烤烤串","1","烧烤","main","炸鸡柳","小胖子烧烤(五四路店)","",""
"毛豆花生（烧烤）","烧烤烤串","1","烧烤","main","","小胖子烧烤(五四路店)","",""
"虾尾（烧烤）","烧烤烤串","1","家常","main","","东进小吃(水碾头村新区店)","",""
"毛豆（烧烤）","烧烤烤串","1","东北","main","毛豆腐、花生毛豆","东北老字号","",""
"油炸花生米（烧烤）","烧烤烤串","1","东北","main","","东北老字号","",""
"老北京羊蝎子（烧烤）","烧烤烤串","1","东北","main","","东北老字号","",""
"花生（烧烤）","烧烤烤串","1","东北","main","老醋花生、花生毛豆","东北老字号","",""
"辣炒花蛤（烧烤）","烧烤烤串","1","东北","main","","东北老字号","",""
"辣炒蛏子（烧烤）","烧烤烤串","1","东北","main","","东北老字号","",""
"辣炒钉螺（烧烤）","烧烤烤串","1","东北","main","","东北老字号","",""
"黄瓜切段（烧烤）","烧烤烤串","1","东北","side","","东北老字号","",""
"小西红柿（烧烤）","烧烤烤串","1","东北","side","","东北老字号","",""
"周福记二锅头（烧烤）","烧烤烤串","1","东北","main","","东北老字号","",""
"苏打水（烧烤）","烧烤烤串","1","东北","main","","东北老字号","",""
"菌特（烧烤）","烧烤烤串","1","东北","side","","东北老字号","",""
"羊蝎子（烧烤）","烧烤烤串","1","东北","main","","东北老字号","",""
"牛肉串（烧烤）","烧烤烤串","1","东北","main","烤牛肉串（10串）","东北老字号","",""
"吊炉小羊腿（烧烤）","烧烤烤串","1","烧烤","main","","雄记烧烤涮","",""
"烤石蛋（烧烤）","烧烤烤串","1","烧烤","side","","雄记烧烤涮","",""
"烤大面筋（烧烤）","烧烤烤串","1","烧烤","staple","","雄记烧烤涮","",""
"碳烤碟鱼头（半个）（烧烤）","烧烤烤串","1","烧烤","main","","雄记烧烤涮","",""
"杨枝甘露刨冰（烧烤）","烧烤烤串","1","烧烤","main","","雄记烧烤涮","",""
"烤矿山面包（烧烤）","烧烤烤串","1","烧烤","staple","","雄记烧烤涮","",""
"东北菜卷（烧烤）","烧烤烤串","1","烧烤","side","","雄记烧烤涮","",""
"捞汁扇贝肉（烧烤）","烧烤烤串","1","烧烤","drink","","雄记烧烤涮","",""
"超钻黑巧可可冰（烧烤）","烧烤烤串","1","烧烤","main","","雄记烧烤涮","",""
"鱼豆腐串（烧烤）","烧烤烤串","1","烧烤","main","","雄记烧烤涮","",""
"红焖羊肉（烧烤）","烧烤烤串","1","烧烤","main","","雄记烧烤涮","",""
"铁板茄子（烧烤）","烧烤烤串","1","烧烤","side","","雄记烧烤涮","",""
"羊排串（烧烤）","烧烤烤串","1","烧烤","main","","雄记烧烤涮","",""
"锡纸大油边（烧烤）","烧烤烤串","1","烧烤","main","","雄记烧烤涮","",""
"烤多宝鱼（烧烤）","烧烤烤串","1","烧烤","main","","雄记烧烤涮","",""
"胸口脆（烧烤）","烧烤烤串","1","烧烤","main","","雄记烧烤涮","",""
"韩式麻辣鳕鱼（烧烤）","烧烤烤串","1","烧烤","main","","雄记烧烤涮","",""
"红豆炼乳冰山（烧烤）","烧烤烤串","1","烧烤","main","","雄记烧烤涮","",""
"烤清水鱼（烧烤）","烧烤烤串","1","烧烤","main","","雄记烧烤涮","",""
"铁板鳕鱼（烧烤）","烧烤烤串","1","烧烤","main","","亮老三烧烤•安国地标烧烤","",""
"红柳（烧烤）","烧烤烤串","1","烧烤","main","","亮老三烧烤•安国地标烧烤","",""
"龙虾蒜蓉（烧烤）","烧烤烤串","1","烧烤","main","","亮老三烧烤•安国地标烧烤","",""
"面筋（烧烤）","烧烤烤串","1","烧烤","staple","烤面筋","辉友记龙虾烧烤","",""
"去头麻辣小龙虾（烧烤）","烧烤烤串","1","烧烤","main","","小港正味海鲜龙虾烧烤城","",""
"烤鲶鱼（烧烤）","烧烤烤串","1","烧烤","main","","小港正味海鲜龙虾烧烤城","",""
"口味蛏子（烧烤）","烧烤烤串","1","烧烤","main","","小港正味海鲜龙虾烧烤城","",""
"小炒肥肠（烧烤）","烧烤烤串","1","烧烤","main","","小港正味海鲜龙虾烧烤城","",""
"毛豆花生双拼（烧烤）","烧烤烤串","1","烧烤","main","","小港正味海鲜龙虾烧烤城","",""
"湘味小炒肉（烧烤）","烧烤烤串","1","烧烤","main","","小港正味海鲜龙虾烧烤城","",""
"炸花生米（烧烤）","烧烤烤串","1","烧烤","main","","小港正味海鲜龙虾烧烤城","",""
"烤香辣猪蹄（烧烤）","烧烤烤串","1","烧烤","main","","小港正味海鲜龙虾烧烤城","",""
"焖饼（烧烤）","烧烤烤串","1","烧烤","staple","","小港正味海鲜龙虾烧烤城","",""
"撸串（烧烤）","烧烤烤串","1","烧烤","main","","大篷车海鲜烧烤小龙虾(御景·蓝湾2期店)","",""
"碳火烤鱼（烧烤）","烧烤烤串","1","川","main","","巴渝菜馆","",""
"香辣烤鱼（烧烤）","烧烤烤串","1","川","main","","巴渝菜馆","",""
"鸡脆骨（烧烤）","烧烤烤串","1","家常","main","","尚泰麻辣香锅(恒祥店)","",""
"小鱼丸（烧烤）","烧烤烤串","1","家常","main","","尚泰麻辣香锅(恒祥店)","",""
"红薯（烧烤）","烧烤烤串","1","家常","main","烤红薯、拔丝红薯","尚泰麻辣香锅(恒祥店)","",""
"紫菜卷（烧烤）","烧烤烤串","1","家常","side","","尚泰麻辣香锅(恒祥店)","",""
"玉米（烧烤）","烧烤烤串","1","家常","side","烤玉米、玉米粥","尚泰麻辣香锅(恒祥店)","",""
"上海青（烧烤）","烧烤烤串","1","家常","main","","尚泰麻辣香锅(恒祥店)","",""
"鱼排（烧烤）","烧烤烤串","1","家常","main","","尚泰麻辣香锅(恒祥店)","",""
"香菇（烧烤）","烧烤烤串","1","家常","side","香菇滑鸡、香菇青菜","尚泰麻辣香锅(恒祥店)","",""
"银耳（烧烤）","烧烤烤串","1","家常","main","银耳莲子羹","尚泰麻辣香锅(恒祥店)","",""
"菜花（烧烤）","烧烤烤串","1","家常","side","","尚泰麻辣香锅(恒祥店)","",""
"莴苣（烧烤）","烧烤烤串","1","家常","main","","尚泰麻辣香锅(恒祥店)","",""
"腊肉（烧烤）","烧烤烤串","1","家常","main","莴笋炒腊肉、小笋炒腊肉","尚泰麻辣香锅(恒祥店)","",""
"炸鸡翅（烧烤）","烧烤烤串","1","云贵","main","炸鸡翅（5只）","大理寺米线麻辣香锅(金街店)","",""
"特色米线（烧烤）","烧烤烤串","1","云贵","staple","","大理寺米线麻辣香锅(金街店)","",""
"四川腊肠（烧烤）","烧烤烤串","1","云贵","main","","大理寺米线麻辣香锅(金街店)","",""
"麻辣香锅米线（烧烤）","烧烤烤串","1","云贵","staple","","大理寺米线麻辣香锅(金街店)","",""
"肥羊（烧烤）","烧烤烤串","1","云贵","main","","佳和过桥米线(建设街店)","",""
"桂花肠（烧烤）","烧烤烤串","1","云贵","main","","佳和过桥米线(建设街店)","",""
"蟹棒（烧烤）","烧烤烤串","1","云贵","main","","佳和过桥米线(建设街店)","",""
"鱼皮脆（烧烤）","烧烤烤串","1","云贵","main","","佳和过桥米线(建设街店)","",""
"米线加果啤（烧烤）","烧烤烤串","1","云贵","staple","","佳和过桥米线(建设街店)","",""
"虾丸（烧烤）","烧烤烤串","1","云贵","main","","佳和过桥米线(建设街店)","",""
"鱿鱼卷（烧烤）","烧烤烤串","1","云贵","main","","佳和过桥米线(建设街店)","",""
"香菇贡丸（烧烤）","烧烤烤串","1","云贵","side","","佳和过桥米线(建设街店)","",""
"亲亲肠（烧烤）","烧烤烤串","1","云贵","main","","佳和过桥米线(建设街店)","",""
"精品盖饭（烧烤）","烧烤烤串","1","云贵","staple","","东东胖仔米线(涞源店)","",""
"精品凉菜（烧烤）","烧烤烤串","1","云贵","side","","东东胖仔米线(涞源店)","",""
"金汤鱼（烧烤）","烧烤烤串","1","云贵","main","","东东胖仔米线(涞源店)","",""
"奥尔良烤翅（烧烤）","烧烤烤串","1","家常","main","","比格比萨自助(保定商业大厦店)","",""
"羊排半自助锅（烧烤）","烧烤烤串","1","家常","main","","马家酱骨头(魅力东方店)","",""
"烤翅（烧烤）","烧烤烤串","1","家常","main","","好伦哥比萨自助(保定爱情广场店)","",""
"活体豆苗","粤菜","8","家常","main","","廣順興(雄安商服中心店)、廣順興(任达佳苑店)、廣順興(曲阳上东新城店)","",""
"豉汁蒸凤爪","粤菜","8","家常","drink","","廣順興(雄安商服中心店)、廣順興(任达佳苑店)、廣順興(曲阳上东新城店)","",""
"顺德竹笙面","粤菜","8","家常","staple","","廣順興(雄安商服中心店)、廣順興(任达佳苑店)、廣順興(曲阳上东新城店)","",""
"顺兴炸豆皮","粤菜","8","家常","side","","廣順興(雄安商服中心店)、廣順興(任达佳苑店)、廣順興(曲阳上东新城店)","",""
"肠粉","粤菜","5","粤","staple","广式肠粉","广东味道·万宴城、慧狮·早茶粤菜啫啫煲、粤东喜(涿州店)","",""
"蛋黄流沙包","粤菜","5","家常","staple","","廣順興(曲阳上东新城店)、廣順興(华侨宾馆店)、廣順興(滨河北路惠东店)","",""
"牛肉丸","粤菜","4","粤","main","潮汕牛肉丸粿条","苏尼特草原牧睿涮肉(话剧院社区店)、廣順興(曲阳上东新城店)、廣順興(滨河北路惠东店)","",""
"港式腊味煲仔饭","粤菜","4","粤","staple","腊味煲仔饭","廣順興(曲阳上东新城店)、廣順興(华侨宾馆店)、廣順興(滨河北路惠东店)","",""
"鱼丸","粤菜","2","粤","main","福州鱼丸汤","涿派炝锅鱼(范阳路店)、佳和过桥米线(建设街店)","",""
"炸烧饼","粤菜","1","粤","staple","","涿派炝锅鱼(范阳路店)","",""
"草鱼","粤菜","1","粤","main","","涿派炝锅鱼(范阳路店)","",""
"炝锅鱼草鱼","粤菜","1","粤","main","","涿派炝锅鱼(范阳路店)","",""
"鲜豆皮","粤菜","1","粤","side","","涿派炝锅鱼(范阳路店)","",""
"蔬菜组合","粤菜","1","粤","side","","涿派炝锅鱼(范阳路店)","",""
"炝锅草鱼","粤菜","1","粤","main","","涿派炝锅鱼(范阳路店)","",""
"炝锅鲶鱼","粤菜","1","粤","main","","涿派炝锅鱼(范阳路店)","",""
"炝锅鸡","粤菜","1","粤","main","","涿派炝锅鱼(范阳路店)","",""
"猪肚","粤菜","1","粤","main","猪肚鸡火锅","廣順興(雄安商服中心店)","",""
"打边炉","粤菜","1","粤","main","","廣順興(雄安商服中心店)","",""
"肉丸","粤菜","1","粤","main","湘子肉丸烩菜、潮汕牛肉丸粿条","廣順興(雄安商服中心店)","",""
"腊肠","粤菜","1","粤","main","川腊肠","廣順興(雄安商服中心店)","",""
"早茶","粤菜","1","粤","drink","","陈记红丽村·粤菜·粤点(保百购物广场店)","",""
"叉烧","粤菜","1","粤","main","叉烧包、蜜汁叉烧","陈记红丽村·粤菜·粤点(保百购物广场店)","",""
"点心","粤菜","1","粤","main","","廣順興(曲阳上东新城店)","",""
"碌鹅","粤菜","1","粤","main","","粤味轩","",""
"爆炒脆肉鲩鱼片","粤菜","1","粤","main","","粤味轩","",""
"水晶虾饺","粤菜","1","粤","staple","","粤味轩","",""
"秋葵酿虾滑","粤菜","1","粤","main","","粤味轩","",""
"鲜菇酿肉","粤菜","1","粤","main","","粤味轩","",""
"烧鹅","粤菜","1","粤","main","","廣順興(滨河北路惠东店)","",""
"鸡蛋牛肉肠粉","粤菜","1","粤","staple","","广东肠粉","",""
"广州炒米粉","粤菜","1","粤","staple","","广东肠粉","",""
"鸡蛋虾仁肠粉","粤菜","1","粤","staple","","广东肠粉","",""
"鸡蛋瘦肉肠粉","粤菜","1","粤","staple","","广东肠粉","",""
"鸡蛋肠粉","粤菜","1","粤","staple","","广东肠粉","",""
"披萨","西式快餐","11","家常","main","玛格丽特披萨、培根蘑菇披萨","比格比萨自助(高碑店店)、打口食堂、森迪意大利风味餐厅","",""
"牛排","西式快餐","11","家常","main","西冷牛排、黑椒牛排","森迪意大利风味餐厅、花盛云贵川bistro中西餐厅、必胜客(范阳店)","",""
"蛋挞","西式快餐","10","家常","drink","蛋挞（2个）","比格比萨自助(高碑店店)、慧狮·早茶粤菜啫啫煲、披萨之家","",""
"炸鸡","西式快餐","8","家常","main","炸鸡排、炸鸡柳","相家重庆老火锅(北唐店)、比格比萨自助(高碑店店)、胖子和瘦子农场西餐(北国先天下店)","",""
"大虾","西式快餐","7","家常","main","油焖大虾","三月生养生冬瓜盅火锅(秀兰·尚城店)、呷哺呷哺(家兴购物广场店)、呷哺呷哺(阳光店)","",""
"意面","西式快餐","7","家常","staple","焗意面、龙虾意面","比格比萨自助(高碑店店)、打口食堂、森迪意大利风味餐厅","",""
"榴莲披萨","西式快餐","6","家常","main","","比格比萨自助(高碑店店)、比格比萨自助(保定万博广场店)、比格比萨自助(保定先天下店)","",""
"汉堡","西式快餐","6","家常","main","巨无霸汉堡、牛肉汉堡套餐","必胜客(范阳店)、必胜客(宜佳旺阳光店)、必胜客(军校广场店)","",""
"巴沙鱼","西式快餐","4","家常","main","","呷哺呷哺(家兴购物广场店)、呷哺呷哺(天洋店)、呷哺呷哺(阳光店)","",""
"烧饼","西式快餐","4","家常","staple","曲阳烧饼","呷哺呷哺(家兴购物广场店)、壹捞火锅店(阳光店)、呷哺呷哺(阳光店)","",""
"面条","西式快餐","3","家常","staple","","呷哺呷哺(家兴购物广场店)、呷哺呷哺(天洋店)、宏伟渝新干锅辣鸭头(莲池店)","",""
"丸子","西式快餐","3","家常","main","四喜丸子、丸子火烧","呷哺呷哺(天洋店)、豪食国际美食自助(保定商场店)、小辣椒与小鱼儿鲜鱼自助火锅裕华东路店","",""
"薯条","西式快餐","3","家常","main","炸鱼薯条、薯条（大）","打口食堂、富美西厨、比格比萨自助(保定商业大厦店)","",""
"过桥米线","西式快餐","3","云贵","staple","云南过桥米线","大理寺米线麻辣香锅(金街店)、香河肉饼(瑞安路店)、傣妈米线(深圳园创业广场店)","",""
"鱼豆腐米线","西式快餐","3","云贵","staple","","顺溜米线(钟楼店)、顺溜米线(铸机社区店)、顺溜米线(长城店)","",""
"三鲜米线","西式快餐","3","云贵","staple","","顺溜米线(铸机社区店)、傣妈米线(深圳园创业广场店)、东东胖仔米线(徐水店)","",""
"蔬菜大拼","西式快餐","2","家常","side","","呷哺呷哺(家兴购物广场店)、呷哺呷哺(阳光店)","",""
"双拼丸类","西式快餐","2","家常","main","","呷哺呷哺(家兴购物广场店)、呷哺呷哺(阳光店)","",""
"新西兰精选羊肉套餐","西式快餐","2","家常","main","","呷哺呷哺(家兴购物广场店)、呷哺呷哺(阳光店)","",""
"老油条","西式快餐","2","家常","staple","","呷哺呷哺(家兴购物广场店)、呷哺呷哺(阳光店)","",""
"爆料鱼火锅套餐","西式快餐","2","家常","main","","呷哺呷哺(家兴购物广场店)、呷哺呷哺(阳光店)","",""
"五色蔬菜拼盘","西式快餐","2","家常","side","","呷哺呷哺(家兴购物广场店)、呷哺呷哺(阳光店)","",""
"经典蔬菜拼盘","西式快餐","2","家常","side","","呷哺呷哺(家兴购物广场店)、呷哺呷哺(阳光店)","",""
"鱼豆腐","西式快餐","2","家常","main","","呷哺呷哺(天洋店)、佳和过桥米线(建设街店)","",""
"牛肉卷","西式快餐","2","家常","main","牛肉卷饼","呷哺呷哺(天洋店)、吉吉至尊火锅串串(秀兰·锦观城店)","",""
"金枪鱼沙拉","西式快餐","2","西","main","","打口食堂、披萨之家","",""
"猪肉","西式快餐","2","西","main","猪肉炖粉条","森迪意大利风味餐厅、小猪查理火盆自助烤肉(保定爱情广场店)","",""
"黑椒牛柳炒意面","西式快餐","2","西","staple","","王得牛排(高碑店)、1959西餐厅","",""
"沙拉","西式快餐","2","西","main","凯撒沙拉、希腊沙拉","王得牛排(高碑店)、比格比萨自助(保定商业大厦店)","",""
"夏威夷披萨","西式快餐","2","西","main","","时尚客牛排(世纪大厦店)、1959西餐厅","",""
"土豆丝","西式快餐","2","家常","side","醋溜土豆丝、土豆丝炒肉","福康堡牛扒(高碑店店)、东东胖仔米线(永华路店)","",""
"红烧肉盖饭","西式快餐","2","家常","staple","红烧肉","京建酱肉餐厅、东东胖仔米线(徐水店)","",""
"鱼皮脆米线","西式快餐","2","云贵","staple","","顺溜米线(钟楼店)、顺溜米线(长城店)","",""
"肥羊米线","西式快餐","2","云贵","staple","","顺溜米线(钟楼店)、顺溜米线(长城店)","",""
"羊肉卷","西式快餐","1","家常","main","","呷哺呷哺(保百店)","",""
"鳕鱼","西式快餐","1","家常","main","","呷哺呷哺(保百店)","",""
"锡盟草原羔羊肉","西式快餐","1","家常","main","","呷哺呷哺(家兴购物广场店)","",""
"鱼卷","西式快餐","1","家常","main","","呷哺呷哺(家兴购物广场店)","",""
"叶菜拼盘","西式快餐","1","家常","side","","呷哺呷哺(天洋店)","",""
"肥牛套餐","西式快餐","1","家常","main","","呷哺呷哺(天洋店)","",""
"呷哺麻酱调料","西式快餐","1","家常","main","","呷哺呷哺(天洋店)","",""
"新西兰羔羊肉","西式快餐","1","家常","main","","呷哺呷哺(天洋店)","",""
"咖喱锅","西式快餐","1","家常","main","","呷哺呷哺(天洋店)","",""
"咖喱锅底","西式快餐","1","家常","main","","呷哺呷哺(天洋店)","",""
"鱼卷套餐","西式快餐","1","家常","main","","呷哺呷哺(天洋店)","",""
"拉面","西式快餐","1","家常","staple","豚骨拉面、兰州牛肉拉面","呷哺呷哺(天洋店)","",""
"海鲜拼盘","西式快餐","1","家常","main","","呷哺呷哺(阳光店)","",""
"锡盟草原羔羊套餐","西式快餐","1","家常","main","","呷哺呷哺(阳光店)","",""
"小食大咖","西式快餐","1","西","main","","打口食堂","",""
"牛肉塔克","西式快餐","1","西","main","","打口食堂","",""
"油桶大披萨","西式快餐","1","西","main","","打口食堂","",""
"甜虾塔克","西式快餐","1","西","main","","打口食堂","",""
"森迪披萨","西式快餐","1","西","main","","森迪意大利风味餐厅","",""
"肉酱汁意面","西式快餐","1","西","drink","","森迪意大利风味餐厅","",""
"蘑菇汁小牛排","西式快餐","1","西","drink","","森迪意大利风味餐厅","",""
"意式自制香肠通心粉","西式快餐","1","西","staple","","森迪意大利风味餐厅","",""
"扒什锦时蔬","西式快餐","1","西","main","","森迪意大利风味餐厅","",""
"炒小虾","西式快餐","1","西","main","","森迪意大利风味餐厅","",""
"田园风光比萨","西式快餐","1","西","main","","森迪意大利风味餐厅","",""
"玉米粒","西式快餐","1","西","side","","森迪意大利风味餐厅","",""
"香草菲力牛排","西式快餐","1","西","main","","森迪意大利风味餐厅","",""
"香煎鲷鱼排","西式快餐","1","西","main","","森迪意大利风味餐厅","",""
"辣椒汁通心粉","西式快餐","1","西","drink","","森迪意大利风味餐厅","",""
"罗马风味小肉卷","西式快餐","1","西","main","","森迪意大利风味餐厅","",""
"沙朗牛排","西式快餐","1","西","main","","王得牛排(高碑店)","",""
"山贼鸡肉披萨","西式快餐","1","西","main","","王得牛排(高碑店)","",""
"减脂牛油果大虾沙拉","西式快餐","1","西","main","","王得牛排(高碑店)","",""
"鲜果蔬菜藜麦沙拉","西式快餐","1","西","side","","王得牛排(高碑店)","",""
"板腱牛排","西式快餐","1","西","main","","王得牛排(高碑店)","",""
"焦糖布丁","西式快餐","1","西","drink","","王得牛排(高碑店)","",""
"大汉堡","西式快餐","1","西","main","","王得牛排(高碑店)","",""
"肉食者联盟披萨","西式快餐","1","西","main","","王得牛排(高碑店)","",""
"菠萝牛肉汉堡","西式快餐","1","西","main","","王得牛排(高碑店)","",""
"王得黑椒牛排","西式快餐","1","西","main","黑椒牛排","王得牛排(高碑店)","",""
"番茄炖牛肉","西式快餐","1","西","main","","王得牛排(高碑店)","",""
"椰香糯米团","西式快餐","1","西","main","","王得牛排(高碑店)","",""
"板烧菠萝鸡腿堡","西式快餐","1","西","main","","王得牛排(高碑店)","",""
"橙柚沙拉","西式快餐","1","西","main","","王得牛排(高碑店)","",""
"雪花芝士炸鸡","西式快餐","1","西","main","","王得牛排(高碑店)","",""
"黑椒阿根廷西冷牛排","西式快餐","1","西","main","西冷牛排","王得牛排(高碑店)","",""
"火焰芝士牛排","西式快餐","1","西","main","","王得牛排(高碑店)","",""
"人气小吃拼盘","西式快餐","1","家常","main","","必胜客(范阳店)","",""
"桂香雪梨金桔茶","西式快餐","1","家常","drink","","必胜客(范阳店)","",""
"西班牙风情海鲜意面","西式快餐","1","家常","staple","","必胜客(范阳店)","",""
"匈牙利风情牛肉焗饭","西式快餐","1","家常","staple","","必胜客(范阳店)","",""
"北京潮鸭比萨","西式快餐","1","家常","main","","必胜客(范阳店)","",""
"南美风情肉香荟比萨","西式快餐","1","家常","main","","必胜客(范阳店)","",""
"双球冰淇淋","西式快餐","1","家常","drink","","必胜客(范阳店)","",""
"地中海风情炒蛋","西式快餐","1","家常","side","","必胜客(范阳店)","",""
"培根蛋三明治","西式快餐","1","家常","side","","必胜客(范阳店)","",""
"培根鸡肉卷","西式快餐","1","家常","main","","必胜客(范阳店)","",""
"夏威夷风光比萨","西式快餐","1","家常","main","","必胜客(范阳店)","",""
"太妃榛果拿铁","西式快餐","1","家常","main","","必胜客(范阳店)","",""
"嫩牛香酥卷","西式快餐","1","家常","main","","必胜客(范阳店)","",""
"惠灵顿牛排","西式快餐","1","西","main","","廊GALLERY餐厅","",""
"意式萨拉米披萨","西式快餐","1","西","main","","玛黎娜西餐厨房(定州万达店)","",""
"榴莲厚芝士披萨","西式快餐","1","西","main","","玛黎娜西餐厨房(定州万达店)","",""
"金牌至尊披萨","西式快餐","1","西","main","","玛黎娜西餐厨房(定州万达店)","",""
"芝士牛肉夹","西式快餐","1","西","main","","玛黎娜西餐厨房(定州万达店)","",""
"美式薯条","西式快餐","1","西","main","","玛黎娜西餐厨房(定州万达店)","",""
"翡翠柠檬","西式快餐","1","西","main","","时尚客牛排(世纪大厦店)","",""
"安格斯大菲力牛排","西式快餐","1","西","main","","时尚客牛排(世纪大厦店)","",""
"香辣鸡肉蘑菇意大利面","西式快餐","1","西","staple","","时尚客牛排(世纪大厦店)","",""
"藤椒鸡排披萨","西式快餐","1","西","main","","时尚客牛排(世纪大厦店)","",""
"原味薯条","西式快餐","1","西","main","","时尚客牛排(世纪大厦店)","",""
"鲜香培根披萨","西式快餐","1","西","main","","时尚客牛排(世纪大厦店)","",""
"川香麻辣牛排","西式快餐","1","西","main","","时尚客牛排(世纪大厦店)","",""
"什锦水果披萨","西式快餐","1","西","main","","时尚客牛排(世纪大厦店)","",""
"澳式牛排","西式快餐","1","西","main","","时尚客牛排(世纪大厦店)","",""
"黑椒牛肉意大利面","西式快餐","1","西","staple","","时尚客牛排(世纪大厦店)","",""
"时尚客秘制牛排","西式快餐","1","西","main","","时尚客牛排(世纪大厦店)","",""
"黄金鱿鱼圈","西式快餐","1","西","main","","时尚客牛排(世纪大厦店)","",""
"香辣诱惑披萨","西式快餐","1","西","main","","时尚客牛排(世纪大厦店)","",""
"冠军牛排","西式快餐","1","西","main","","时尚客牛排(世纪大厦店)","",""
"茄汁意面","西式快餐","1","西","drink","","1959西餐厅","",""
"芝士肉酱焗意面","西式快餐","1","西","staple","","1959西餐厅","",""
"芝士火腿三文治","西式快餐","1","西","main","","1959西餐厅","",""
"培根披萨","西式快餐","1","西","main","","1959西餐厅","",""
"西蓝花炒腊肉","西式快餐","1","西","main","","1959西餐厅","",""
"意大利海鲜披萨","西式快餐","1","西","main","","1959西餐厅","",""
"商务咖啡","西式快餐","1","西","main","","1959西餐厅","",""
"香辣虾","西式快餐","1","西","main","香辣虾球、香辣虾蟹煲","1959西餐厅","",""
"金枪鱼三文治","西式快餐","1","西","main","","1959西餐厅","",""
"总汇三文治","西式快餐","1","西","main","","1959西餐厅","",""
"法式野菌牛肉粒炒饭","西式快餐","1","西","staple","","1959西餐厅","",""
"皇牌海鲜炒意面","西式快餐","1","西","staple","","1959西餐厅","",""
"美味牛扒饭","西式快餐","1","家常","staple","","福康堡牛扒(高碑店店)","",""
"鸡扒饭","西式快餐","1","家常","staple","","福康堡牛扒(高碑店店)","",""
"香草鸡扒饭","西式快餐","1","家常","staple","","福康堡牛扒(高碑店店)","",""
"香草猪扒饭","西式快餐","1","家常","staple","","福康堡牛扒(高碑店店)","",""
"鸡蛋扒饭","西式快餐","1","家常","staple","","福康堡牛扒(高碑店店)","",""
"美味猪扒饭","西式快餐","1","家常","staple","","福康堡牛扒(高碑店店)","",""
"美味牛扒","西式快餐","1","家常","main","","福康堡牛扒(高碑店店)","",""
"浓情鸳鸯扒饭","西式快餐","1","家常","staple","","福康堡牛扒(高碑店店)","",""
"特色猪扒饭","西式快餐","1","家常","staple","","福康堡牛扒(高碑店店)","",""
"静腌特级西冷","西式快餐","1","西","main","","街头牛排","",""
"柠檬水","西式快餐","1","西","main","","街头牛排","",""
"静腌特级眼肉","西式快餐","1","西","main","","街头牛排","",""
"战斧牛排","西式快餐","1","西","main","","街头牛排","",""
"菲力","西式快餐","1","西","main","","街头牛排","",""
"西冷","西式快餐","1","西","main","西冷牛排","街头牛排","",""
"黑椒牛肉意面","西式快餐","1","披萨","staple","","披萨之家","",""
"咖喱鸡肉焗饭","西式快餐","1","披萨","staple","","披萨之家","",""
"意式番茄肉酱面","西式快餐","1","披萨","staple","","披萨之家","",""
"上选海鲜炒饭","西式快餐","1","披萨","staple","","披萨之家","",""
"黑椒培根炒饭","西式快餐","1","披萨","staple","","披萨之家","",""
"上选海鲜焗饭","西式快餐","1","披萨","staple","","披萨之家","",""
"黄金芒果冰沙","西式快餐","1","披萨","main","","披萨之家","",""
"香辣翅根","西式快餐","1","披萨","main","","披萨之家","",""
"蜜豆披萨","西式快餐","1","披萨","main","","披萨之家","",""
"芝士鲜虾棒","西式快餐","1","披萨","main","","披萨之家","",""
"至尊鲜虾堡","西式快餐","1","披萨","main","","披萨之家","",""
"香辣金枪鱼披萨","西式快餐","1","披萨","main","","披萨之家","",""
"红烧肉米线","西式快餐","1","家常","staple","红烧肉","京建酱肉餐厅","",""
"宫廷馄饨","西式快餐","1","家常","staple","","京建酱肉餐厅","",""
"老面小笼包","西式快餐","1","家常","staple","","京建酱肉餐厅","",""
"西红柿鸡蛋面","西式快餐","1","家常","staple","西红柿鸡蛋面（大份）、西红柿鸡蛋面（小份）","京建酱肉餐厅","",""
"泡椒鸡杂米线","西式快餐","1","云贵","staple","","正南柒百泡椒砂锅米线(中国府店)","",""
"泡椒鸭血米线","西式快餐","1","云贵","staple","","正南柒百泡椒砂锅米线(中国府店)","",""
"泡椒酸菜米线","西式快餐","1","云贵","staple","","正南柒百泡椒砂锅米线(中国府店)","",""
"泡椒酥肉米线","西式快餐","1","云贵","staple","","正南柒百泡椒砂锅米线(中国府店)","",""
"香菇丸米线","西式快餐","1","云贵","staple","","顺溜米线(钟楼店)","",""
"金针菇米线","西式快餐","1","云贵","staple","","顺溜米线(钟楼店)","",""
"蟹棒米线","西式快餐","1","云贵","staple","","顺溜米线(钟楼店)","",""
"虾丸米线","西式快餐","1","云贵","staple","","顺溜米线(钟楼店)","",""
"牛肉丸米线","西式快餐","1","云贵","staple","","顺溜米线(钟楼店)","",""
"火腿米线","西式快餐","1","云贵","staple","","顺溜米线(钟楼店)","",""
"桂花肠米线","西式快餐","1","云贵","staple","","顺溜米线(钟楼店)","",""
"亲亲肠米线","西式快餐","1","云贵","staple","","顺溜米线(钟楼店)","",""
"肥牛米线","西式快餐","1","云贵","staple","","顺溜米线(铸机社区店)","",""
"火锅午餐肉米线","西式快餐","1","云贵","staple","","顺溜米线(铸机社区店)","",""
"盖饭","西式快餐","1","云贵","staple","和牛盖饭、把子肉盖饭","东东胖仔米线(高碑店天智店)","",""
"猪肉茴香","西式快餐","1","家常","main","","香河肉饼(瑞安路店)","",""
"韭菜鸡蛋","西式快餐","1","家常","main","韭菜鸡蛋水饺","香河肉饼(瑞安路店)","",""
"茴香鸡蛋","西式快餐","1","家常","main","","香河肉饼(瑞安路店)","",""
"番茄米线","西式快餐","1","云贵","staple","","傣妈米线(深圳园创业广场店)","",""
"泡椒牛肉米线","西式快餐","1","云贵","staple","","傣妈米线(深圳园创业广场店)","",""
"杂酱米线","西式快餐","1","云贵","staple","","傣妈米线(深圳园创业广场店)","",""
"香姑牛肉米线","西式快餐","1","云贵","staple","","傣妈米线(深圳园创业广场店)","",""
"老母鸡汤","西式快餐","1","云贵","main","","土老帽云南过桥米线2分店","",""
"炒面","西式快餐","1","家常","staple","家常炒面、日式炒面","聚合一削面坊(金专路店)","",""
"绿茶佛饼","西式快餐","1","云贵","drink","","牟师傅过桥米线(药华大路店)","",""
"南瓜饼","西式快餐","1","云贵","staple","","牟师傅过桥米线(药华大路店)","",""
"牛奶豆沙包","西式快餐","1","云贵","drink","","牟师傅过桥米线(药华大路店)","",""
"巧克力草莓薄饼","西式快餐","1","家常","staple","","比格比萨自助(保定商业大厦店)","",""
"水果披萨","西式快餐","1","家常","main","","比格比萨自助(保定商业大厦店)","",""
"上校鸡块","西式快餐","1","家常","main","","比格比萨自助(保定商业大厦店)","",""
"咖啡布丁","西式快餐","1","家常","drink","","比格比萨自助(保定商业大厦店)","",""
"骨肉相连","西式快餐","1","家常","main","","比格比萨自助(保定商业大厦店)","",""
"肉酱意粉","西式快餐","1","家常","staple","","比格比萨自助(保定商业大厦店)","",""
"日式照烧鸡炒饭","西式快餐","1","家常","staple","","比格比萨自助(保定商业大厦店)","",""
"海鲜鸡蛋羹","西式快餐","1","家常","main","","比格比萨自助(保定商业大厦店)","",""
"小炒有机菜花","西式快餐","1","家常","side","","杜大碗自助快餐自助全卤面","",""
"花椒油凉面","西式快餐","1","家常","staple","","杜大碗自助快餐自助全卤面","",""
"素什锦","西式快餐","1","家常","main","","杜大碗自助快餐自助全卤面","",""
"五花肉","家常中餐","10","烤肉","main","韩式烤五花肉","相家重庆老火锅(翠园街总店)、锅儿燥贵州酸汤火锅、无穷花(百花园小区店)","",""
"煲仔饭","家常中餐","6","家常","staple","腊味煲仔饭","小广东地摊猪肚鸡原味烧烤、广东味道·万宴城、粤喜厨房","",""
"烤肉","家常中餐","6","家常","main","韩式烤肉饭、韩式烤肉套餐","苏尼特·疯狂幸福涮肉(军校店)、无穷花(百花园小区店)、豪食铁板烧","",""
"烤鸭","家常中餐","5","家常","main","冒烤鸭、北京烤鸭（半只）","巴渝食府、保定桥西村饭店、蜀风苑酒楼(涞水店)","",""
"牛肉米线","家常中餐","5","云贵","staple","越南牛肉河粉、湖南牛肉米粉","东东胖仔米线(永华路店)、天下第一粉(西巷店)、傣妈米线(深圳园创业广场店)","",""
"酸奶","家常中餐","4","家常","drink","希腊酸奶碗","涿派炝锅鱼(范阳路店)、壹捞火锅店(阳光店)、豪食国际美食自助(保定商场店)","",""
"麻辣烫","家常中餐","4","家常","main","麻辣烫（自选）","解忧爷爷脏摊麻辣串北塘店、破店肥哈·海鲜·烧烤(翠园街店)、小肚腩烤肉","",""
"培根","家常中餐","4","家常","main","培根蘑菇披萨、培根芝士汉堡","无穷花(百花园小区店)、尚泰麻辣香锅(恒祥店)、大理寺米线麻辣香锅(金街店)","",""
"特色菜","家常中餐","4","川","side","","那嘎哒铁锅炖烧烤小龙虾、老大同川菜馆、歌乐山·川小馆(未来石店)","",""
"虾仁","家常中餐","4","川","main","龙井虾仁、虾仁炒蛋","巴渝食府、吴氏总部(渝新干锅辣鸭头)、廣順興(雄州世纪城店)","",""
"肥肠米线","家常中餐","4","云贵","staple","","东东胖仔米线(永华路店)、天下第一粉(西巷店)、顺溜米线(铸机社区店)","",""
"碗菜","家常中餐","3","云贵","side","虾球小碗菜","金筷子西北菜·捞悦火锅、东东胖仔米线(永华路店)、东东胖仔米线(徐水店)","",""
"拌饭","家常中餐","3","家常","staple","石锅拌饭、蟹黄拌饭","无穷花(百花园小区店)、川香苑、香竹园快餐店(汇博·上谷大观店)","",""
"蘑菇","家常中餐","3","烤肉","side","椒盐蘑菇、小鸡炖蘑菇","炉石烤肉店、福慧素食(德惠路店)、小猪查理火盆自助烤肉(保定爱情广场店)","",""
"猪肚鸡","家常中餐","3","家常","main","猪肚鸡火锅","廣順興(滨河北路惠东店)、廣順興(定兴开放路店)、廣順興(安国店)","",""
"鸡肉米线","家常中餐","3","云贵","staple","越南鸡肉河粉","天下第一粉(西巷店)、东东胖仔米线(徐水店)、东东胖仔米线(涞源店)","",""
"排骨米线","家常中餐","3","云贵","staple","","东东胖仔米线(徐水店)、顺溜米线(长城店)、东东胖仔米线(涞源店)","",""
"鸡胸肉","家常中餐","2","家常","main","鸡胸肉蛋白餐","无穷花(百花园小区店)、咘嘎咕市井火锅(唐县沃隆时代广场店)","",""
"鸡蛋","家常中餐","2","家常","main","鸡蛋酥、鸡蛋汤","大涛面筋(向阳店)、杜大碗自助快餐自助全卤面","",""
"烤鱿鱼","家常中餐","2","家常","main","","大涛面筋(向阳店)、一哥炝板筋海鲜烧烤大排档(百花西路)","",""
"大蒜木耳","家常中餐","2","家常","side","","白洋淀柴锅炖杂鱼(安国店)、小港正味海鲜龙虾烧烤城","",""
"姜汁松花蛋","家常中餐","2","家常","drink","","白洋淀柴锅炖杂鱼(安国店)、小港正味海鲜龙虾烧烤城","",""
"担担面","家常中餐","2","川","staple","成都担担面、日式担担面","巴渝菜馆、眉州川菜东坡巷子","",""
"鸭翅","家常中餐","2","家常","main","","宏伟渝新干锅辣鸭头(莲池店)、渝新干锅辣鸭头(徐水分店)","",""
"鸭腿","家常中餐","2","家常","main","鸭腿饭、卤鸭腿","川椒娃椒麻水煮鱼、杜大碗自助快餐自助全卤面","",""
"老坛酸菜鱼巴沙单人份","家常中餐","2","川","main","酸菜鱼","鱼你在一起(燕赵大街店)、鱼你在一起(五一北大街店)","",""
"公举番茄鱼巴沙单人份","家常中餐","2","川","main","","鱼你在一起(燕赵大街店)、鱼你在一起(五一北大街店)","",""
"热炝酸菜鱼套餐","家常中餐","2","川","main","酸菜鱼","鱼你在一起(燕赵大街店)、鱼你在一起(五一北大街店)","",""
"公举番茄鱼黑鱼单人份","家常中餐","2","川","main","","鱼你在一起(燕赵大街店)、鱼你在一起(五一北大街店)","",""
"果味柠檬鱼巴沙单人份","家常中餐","2","川","main","","鱼你在一起(燕赵大街店)、鱼你在一起(五一北大街店)","",""
"意式肉酱面","家常中餐","2","家常","staple","","山与田融合菜Bistro、王得牛排(高碑店)","",""
"酱肉金饼","家常中餐","2","云贵","staple","","东东胖仔米线(永华路店)、东东胖仔米线(涞源店)","",""
"肉饼","家常中餐","2","云贵","staple","梅菜肉饼饭","顺溜米线(北河沿店)、东东胖仔米线(徐水店)","",""
"川香米线","家常中餐","2","云贵","staple","","东东胖仔米线(徐水店)、东东胖仔米线(涞源店)","",""
"水果","家常中餐","2","家常","main","","豪食国际美食自助(保定商场店)、马家酱骨头(魅力东方店)","",""
"大骨头","家常中餐","2","烤肉","main","","南焰铁木美式烟熏烤肉(铸机社区店)、马家酱骨头(魅力东方店)","",""
"烤骨头","家常中餐","2","烤肉","main","","南焰铁木美式烟熏烤肉(铸机社区店)、马家酱骨头(魅力东方店)","",""
"西兰花","家常中餐","1","家常","side","蒜蓉西兰花","串星(保定万博广场店)","",""
"脱骨凤爪","家常中餐","1","家常","main","","串星(保定万博广场店)","",""
"牛肚","家常中餐","1","家常","main","红油牛肚丝","串星(保定万博广场店)","",""
"泡椒凤抓","家常中餐","1","家常","main","","串星(保定万博广场店)","",""
"鸡爪子","家常中餐","1","家常","main","","串星(保定万博广场店)","",""
"甄选和牛蜜汁烧肉","家常中餐","1","烤肉","drink","","朴牛牛烤肉料理","",""
"安格斯双味肥牛","家常中餐","1","烤肉","main","","朴牛牛烤肉料理","",""
"清香牛腩排","家常中餐","1","烤肉","main","","朴牛牛烤肉料理","",""
"果蔬沙拉","家常中餐","1","烤肉","main","","朴牛牛烤肉料理","",""
"沙葱牛肉","家常中餐","1","烤肉","main","","朴牛牛烤肉料理","",""
"香猪肉","家常中餐","1","家常","main","","无穷花(百花园小区店)","",""
"酸菜","家常中餐","1","家常","side","酸菜鱼、酸菜肥肠","无穷花(百花园小区店)","",""
"鸡胸","家常中餐","1","家常","main","鸡胸沙拉碗、轻食鸡胸卷","无穷花(百花园小区店)","",""
"五花肉酸菜","家常中餐","1","烤肉","main","","188石锅烤肉","",""
"生菜拼苏子叶","家常中餐","1","烤肉","side","","188石锅烤肉","",""
"烤肥肠","家常中餐","1","烤肉","main","","188石锅烤肉","",""
"黑椒牛肉半斤","家常中餐","1","烤肉","main","","188石锅烤肉","",""
"牛肉大片","家常中餐","1","烤肉","main","","188石锅烤肉","",""
"纯肉大香肠","家常中餐","1","烤肉","main","","小肚腩烤肉","",""
"牛肉粒","家常中餐","1","烤肉","main","","小肚腩烤肉","",""
"铁锅炖排骨2人餐","家常中餐","1","家常","main","","白洋淀柴锅炖杂鱼(安国店)","",""
"养生素三鲜","家常中餐","1","家常","main","","白洋淀柴锅炖杂鱼(安国店)","",""
"小紫薯","家常中餐","1","家常","main","","白洋淀柴锅炖杂鱼(安国店)","",""
"巧吃羊腰","家常中餐","1","家常","main","","白洋淀柴锅炖杂鱼(安国店)","",""
"布衣神仙鸡","家常中餐","1","家常","main","","白洋淀柴锅炖杂鱼(安国店)","",""
"干锅千叶豆腐","家常中餐","1","家常","side","","白洋淀柴锅炖杂鱼(安国店)","",""
"干锅腐竹","家常中餐","1","家常","side","","白洋淀柴锅炖杂鱼(安国店)","",""
"铁锅炖","家常中餐","1","家常","main","铁锅炖大鹅","白洋淀柴锅炖杂鱼(安国店)","",""
"排骨锅","家常中餐","1","家常","main","","白洋淀柴锅炖杂鱼(安国店)","",""
"猪头肉","家常中餐","1","家常","main","猪头肉火烧","佳利饭店","",""
"小面","家常中餐","1","家常","staple","重庆小面","大华麻辣风(雄州世纪城店)","",""
"龙虾","家常中餐","1","家常","main","龙虾意面、麻辣小龙虾","大华麻辣风(雄州世纪城店)","",""
"咖喱烤肉饭","家常中餐","1","烤肉","staple","","范小野烤肉饭大王(竞秀店)","",""
"烤肉脆皮鸡双拼饭","家常中餐","1","烤肉","staple","","范小野烤肉饭大王(竞秀店)","",""
"铁板烤肉饭","家常中餐","1","烤肉","staple","","范小野烤肉饭大王(竞秀店)","",""
"咖喱脆皮鸡双拼饭","家常中餐","1","烤肉","staple","","范小野烤肉饭大王(竞秀店)","",""
"蟹黄土豆泥黏糊拌饭","家常中餐","1","烤肉","staple","","范小野烤肉饭大王(竞秀店)","",""
"鸽子肉","家常中餐","1","家常","main","","李阔手抓龙虾鲜鸽王(裕华路店)","",""
"烤鸽子","家常中餐","1","家常","main","","李阔手抓龙虾鲜鸽王(裕华路店)","",""
"花蛤","家常中餐","1","家常","main","","李阔手抓龙虾鲜鸽王(裕华路店)","",""
"大包","家常中餐","1","川","staple","山东大包子","云贵川味道(七一路店)","",""
"生日蛋糕","家常中餐","1","川","drink","","云贵川味道(七一路店)","",""
"歌乐山辣子鸡","家常中餐","1","家常","main","","渝乡辣婆婆(安国店)","",""
"酸菜水煮鱼","家常中餐","1","家常","main","","渝乡辣婆婆(安国店)","",""
"网红销魂爪","家常中餐","1","家常","main","","渝乡辣婆婆(安国店)","",""
"磁器口毛血旺","家常中餐","1","家常","main","","渝乡辣婆婆(安国店)","",""
"麻辣霸王蹄","家常中餐","1","家常","main","","渝乡辣婆婆(安国店)","",""
"蒜蓉粉丝虾","家常中餐","1","家常","main","","渝乡辣婆婆(安国店)","",""
"招牌麻辣水煮鱼","家常中餐","1","家常","main","","渝乡辣婆婆(安国店)","",""
"酸辣啤酒鸭","家常中餐","1","家常","drink","","渝乡辣婆婆(安国店)","",""
"鲜辣跳跳蛙","家常中餐","1","家常","main","","渝乡辣婆婆(安国店)","",""
"宫保虾球","家常中餐","1","家常","main","","渝乡辣婆婆(安国店)","",""
"酱爆鸭丝","家常中餐","1","家常","main","","渝乡辣婆婆(安国店)","",""
"芝士焗红薯","家常中餐","1","家常","main","","渝乡辣婆婆(安国店)","",""
"啤酒鸭","家常中餐","1","家常","drink","江西秘制啤酒鸭","渝乡辣婆婆(安国店)","",""
"辣烧腐竹","家常中餐","1","家常","side","","锅碗记(红旗大街店)工会驿站","",""
"大刀耳片","家常中餐","1","家常","main","","锅碗记(红旗大街店)工会驿站","",""
"豆角焖面","家常中餐","1","家常","staple","","锅碗记(红旗大街店)工会驿站","",""
"蕨菜粉","家常中餐","1","家常","staple","","锅碗记(红旗大街店)工会驿站","",""
"肘花","家常中餐","1","家常","main","","锅碗记(红旗大街店)工会驿站","",""
"红烧小龙虾","家常中餐","1","家常","main","","锅碗记(红旗大街店)工会驿站","",""
"酸辣豆腐汤","家常中餐","1","家常","side","","锅碗记(红旗大街店)工会驿站","",""
"蒜蓉粉丝蒸丝瓜","家常中餐","1","家常","side","","锅碗记(红旗大街店)工会驿站","",""
"鲜菇炒肉","家常中餐","1","家常","main","","锅碗记(红旗大街店)工会驿站","",""
"香辣雪花鸡柳","家常中餐","1","家常","main","","锅碗记(红旗大街店)工会驿站","",""
"川江毛血旺","家常中餐","1","家常","main","","川江鸿沸腾鱼馆","",""
"沸腾有机鳙鱼","家常中餐","1","家常","main","","川江鸿沸腾鱼馆","",""
"金牌干煸牛肉丝","家常中餐","1","家常","main","","川江鸿沸腾鱼馆","",""
"香辣美容蹄","家常中餐","1","家常","main","","川江鸿沸腾鱼馆","",""
"大麻鱼","家常中餐","1","川","main","","巴渝菜馆","",""
"巴渝排骨鸡","家常中餐","1","川","main","","巴渝菜馆","",""
"米粑","家常中餐","1","川","main","","巴渝菜馆","",""
"豆浆","家常中餐","1","川","main","豆浆油条","巴渝菜馆","",""
"精品锅","家常中餐","1","家常","main","","宏伟渝新干锅辣鸭头(莲池店)","",""
"鱼丸虾丸拼","家常中餐","1","家常","main","","宏伟渝新干锅辣鸭头(莲池店)","",""
"不辣的黑鱼酸菜鱼","家常中餐","1","川","main","酸菜鱼","新太二·鲜料川菜(保定万博广场店)","",""
"五花肉炒菜花","家常中餐","1","川","main","","新太二·鲜料川菜(保定万博广场店)","",""
"爆炒鲜牛肉","家常中餐","1","川","main","","新太二·鲜料川菜(保定万博广场店)","",""
"生焗蒜蓉粉丝虾","家常中餐","1","川","main","","新太二·鲜料川菜(保定万博广场店)","",""
"菜籽油爆炒鲜土鸡","家常中餐","1","川","main","","新太二·鲜料川菜(保定万博广场店)","",""
"蒜香粉丝虾","家常中餐","1","川","main","","新太二·鲜料川菜(保定万博广场店)","",""
"冰激凌糍粑","家常中餐","1","川","main","","新太二·鲜料川菜(保定万博广场店)","",""
"鸡蛋烧腐竹","家常中餐","1","川","main","","新太二·鲜料川菜(保定万博广场店)","",""
"鲜肉花菜","家常中餐","1","川","main","","新太二·鲜料川菜(保定万博广场店)","",""
"干捞粉丝虾","家常中餐","1","川","main","","新太二·鲜料川菜(保定万博广场店)","",""
"经典黑鱼酸菜鱼","家常中餐","1","川","main","酸菜鱼","新太二·鲜料川菜(保定万博广场店)","",""
"沸腾麻婆豆腐","家常中餐","1","川","side","麻婆豆腐","新太二·鲜料川菜(保定万博广场店)","",""
"全鲜牛肉焖饭儿童餐","家常中餐","1","川","main","","新太二·鲜料川菜(保定万博广场店)","",""
"超下饭小炒牛肉","家常中餐","1","川","main","","新太二·鲜料川菜(保定万博广场店)","",""
"吮指鸡翅","家常中餐","1","川","main","","新太二·鲜料川菜(保定万博广场店)","",""
"石锅鸡爪","家常中餐","1","川","main","","新太二·鲜料川菜(保定万博广场店)","",""
"黄牛肉","家常中餐","1","川","main","小炒黄牛肉","川渝府椒麻水煮鱼(富兴园店)","",""
"鸭肉","家常中餐","1","家常","main","","川椒娃椒麻水煮鱼","",""
"豆皮","家常中餐","1","家常","side","豆皮火烧","川椒娃椒麻水煮鱼","",""
"油饼","家常中餐","1","家常","staple","","保定桥西村饭店","",""
"鸡汤","家常中餐","1","川","main","参鸡汤、乌鸡汤","眉州川菜东坡巷子","",""
"猪蹄","家常中餐","1","川","main","萝卜炖腊猪蹄","眉州川菜东坡巷子","",""
"一碗面","家常中餐","1","川","staple","","眉州川菜东坡巷子","",""
"黑鱼","家常中餐","1","家常","main","","鱼你在一起(五一北大街店)","",""
"重庆菜","家常中餐","1","川","side","","江湖火爆重庆本帮菜","",""
"爱上香辣虾","家常中餐","1","川","main","","嘎嘎渝香干锅鸭头(冠云中路店)","",""
"鸭头pk虾","家常中餐","1","川","main","","嘎嘎渝香干锅鸭头(冠云中路店)","",""
"辣鸭头精品","家常中餐","1","家常","main","","渝洲干锅辣鸭头(高碑店店)","",""
"油麦菜","家常中餐","1","家常","side","蒜蓉油麦菜","渝洲干锅辣鸭头(高碑店店)","",""
"土豆片","家常中餐","1","家常","side","干锅土豆片","渝洲干锅辣鸭头(高碑店店)","",""
"大饼","家常中餐","1","家常","staple","熏肉大饼","吃到黑饭点儿(莲池南大街店)","",""
"凉拌菜","家常中餐","1","家常","side","","吃到黑饭点儿(莲池南大街店)","",""
"临沂炒鸡","家常中餐","1","川","main","","悦小馆川湘菜","",""
"榴莲酥","家常中餐","1","家常","main","","鸽誉兴中山乳鸽","",""
"盐焗烤乳鸽","家常中餐","1","家常","main","","鸽誉兴中山乳鸽","",""
"脆皮烤乳鸽","家常中餐","1","家常","main","","鸽誉兴中山乳鸽","",""
"大红袍乳鸽","家常中餐","1","家常","main","","鸽誉兴中山乳鸽","",""
"深井烧鹅","家常中餐","1","家常","main","","廣順興(华侨宾馆店)","",""
"经典胡椒猪肚鸡","家常中餐","1","家常","main","","廣順興(华侨宾馆店)","",""
"小碗菜","家常中餐","1","家常","side","虾球小碗菜","客家蒸菜馆(幸福路店)","",""
"芙蓉虾仁","家常中餐","1","家常","main","","顺德园饭店(华立店)","",""
"豆沙","家常中餐","1","家常","drink","","顺德园饭店(华立店)","",""
"扒猪脸","家常中餐","1","家常","main","","唯一酒家","",""
"儿童餐","家常中餐","1","家常","main","","廣順興(定兴开放路店)","",""
"盛宴龙虾海鲜饭","家常中餐","1","家常","staple","","山与田融合菜Bistro","",""
"泡椒牛肉大串","家常中餐","1","家常","main","","山与田融合菜Bistro","",""
"芝士高烧麻山药","家常中餐","1","家常","side","","山与田融合菜Bistro","",""
"杂菌牛肉啵啵饭","家常中餐","1","家常","staple","","山与田融合菜Bistro","",""
"M2澳洲战斧牛排","家常中餐","1","家常","main","","山与田融合菜Bistro","",""
"云南火腿小炒牛肝菌","家常中餐","1","家常","main","","山与田融合菜Bistro","",""
"火山熔岩土豆泥","家常中餐","1","家常","side","","山与田融合菜Bistro","",""
"花生酱红薯条","家常中餐","1","家常","main","","山与田融合菜Bistro","",""
"火焰牛排","家常中餐","1","家常","main","","山与田融合菜Bistro","",""
"星火赴约","家常中餐","1","家常","main","","山与田融合菜Bistro","",""
"糊辣荔枝鸡翅","家常中餐","1","家常","main","","山与田融合菜Bistro","",""
"青提气泡(冷)","家常中餐","1","家常","main","","山与田融合菜Bistro","",""
"西班牙海鲜饭","家常中餐","1","家常","staple","","山与田融合菜Bistro","",""
"冰糖山楂","家常中餐","1","家常","main","","山与田融合菜Bistro","",""
"海鲜沙拉","家常中餐","1","家常","main","","山与田融合菜Bistro","",""
"软乎乎的舒芙蕾","家常中餐","1","家常","main","","山与田融合菜Bistro","",""
"蓝莓果蔬鸡肉沙拉","家常中餐","1","家常","main","","山与田融合菜Bistro","",""
"无花果果蔬沙拉","家常中餐","1","家常","main","","山与田融合菜Bistro","",""
"芝士","家常中餐","1","家常","main","芝士焗饭、芝士蛋糕","山与田融合菜Bistro","",""
"酸菜排骨米线","家常中餐","1","云贵","staple","","东东胖仔米线(永华路店)","",""
"金饼","家常中餐","1","云贵","staple","","东东胖仔米线(永华路店)","",""
"酸辣黄瓜条","家常中餐","1","云贵","side","","东东胖仔米线(永华路店)","",""
"辣白菜紫菜包饭","家常中餐","1","家常","staple","","天下第一粉(西巷店)","",""
"花生豆","家常中餐","1","家常","main","","天下第一粉(西巷店)","",""
"火腿紫菜包饭","家常中餐","1","家常","staple","","天下第一粉(西巷店)","",""
"麻辣粉","家常中餐","1","家常","staple","","天下第一粉(西巷店)","",""
"肉松沙拉紫菜包饭","家常中餐","1","家常","staple","","天下第一粉(西巷店)","",""
"炸豌豆","家常中餐","1","家常","main","","天下第一粉(西巷店)","",""
"香辣金针菇包饭","家常中餐","1","家常","staple","","天下第一粉(西巷店)","",""
"辣白菜包饭","家常中餐","1","家常","staple","","天下第一粉(西巷店)","",""
"肥肠粉","家常中餐","1","家常","staple","","天下第一粉(西巷店)","",""
"肉沫粉","家常中餐","1","家常","staple","","天下第一粉(西巷店)","",""
"牛肉粉","家常中餐","1","家常","staple","越南牛肉河粉、湖南牛肉米粉","天下第一粉(西巷店)","",""
"肉酱米线","家常中餐","1","云贵","staple","","傣味鲜生烫鲜肉米线","",""
"鲜猪肉米线","家常中餐","1","云贵","staple","","傣味鲜生烫鲜肉米线","",""
"云南包浆豆腐","家常中餐","1","云贵","side","","傣味鲜生烫鲜肉米线","",""
"鲜牛肉米线","家常中餐","1","云贵","staple","","傣味鲜生烫鲜肉米线","",""
"肥牛米线/面","家常中餐","1","云贵","staple","","顺溜米线(北河沿店)","",""
"牛肉丸米线/面","家常中餐","1","云贵","staple","","顺溜米线(北河沿店)","",""
"肥羊米线/面","家常中餐","1","云贵","staple","","顺溜米线(北河沿店)","",""
"火腿米线/面","家常中餐","1","云贵","staple","","顺溜米线(北河沿店)","",""
"香菇丸米线/面","家常中餐","1","云贵","staple","","顺溜米线(北河沿店)","",""
"砂锅米线","家常中餐","1","云贵","staple","","顺溜米线(玉川东路店)","",""
"砂锅麻辣烫","家常中餐","1","云贵","main","","顺溜米线(玉川东路店)","",""
"酱香金饼","家常中餐","1","云贵","staple","","东东胖仔米线(徐水店)","",""
"精品小菜","家常中餐","1","云贵","side","","东东胖仔米线(徐水店)","",""
"凉米线","家常中餐","1","云贵","staple","川北凉粉、伤心凉粉","东东胖仔米线(徐水店)","",""
"甜肠米线","家常中餐","1","云贵","staple","","顺溜米线(长城店)","",""
"木须鲜贝","家常中餐","1","家常","main","","亚华大酒店-自助餐厅(乐凯南大街店)","",""
"香炸丝瓜球","家常中餐","1","家常","main","","亚华大酒店-自助餐厅(乐凯南大街店)","",""
"红烧兔腿","家常中餐","1","家常","main","","亚华大酒店-自助餐厅(乐凯南大街店)","",""
"砧板肉排","家常中餐","1","家常","main","","亚华大酒店-自助餐厅(乐凯南大街店)","",""
"小糕点","家常中餐","1","家常","drink","","亚华大酒店-自助餐厅(乐凯南大街店)","",""
"汤爆底板肉","家常中餐","1","家常","main","","亚华大酒店-自助餐厅(乐凯南大街店)","",""
"鸡勾肉","家常中餐","1","家常","main","","亚华大酒店-自助餐厅(乐凯南大街店)","",""
"酱爆肉丁","家常中餐","1","家常","main","","亚华大酒店-自助餐厅(乐凯南大街店)","",""
"芙蓉干贝","家常中餐","1","家常","main","","亚华大酒店-自助餐厅(乐凯南大街店)","",""
"椒麻白肉","家常中餐","1","家常","main","","亚华大酒店-自助餐厅(乐凯南大街店)","",""
"螃蟹","家常中餐","1","家常","main","","亚华大酒店-自助餐厅(乐凯南大街店)","",""
"韩式烤肉","家常中餐","1","家常","main","韩式烤肉饭、韩式烤肉套餐","豪食铁板烧","",""
"雪花牛肉","家常中餐","1","家常","main","","豪食铁板烧","",""
"炒花蛤","家常中餐","1","家常","main","","豪食铁板烧","",""
"寿司","家常中餐","1","家常","main","寿司拼盘","豪食铁板烧","",""
"炸香芋卷","家常中餐","1","家常","main","","豪食铁板烧","",""
"千叶豆腐","家常中餐","1","家常","side","","豪食铁板烧","",""
"水煮笋","家常中餐","1","家常","side","","豪食铁板烧","",""
"板筋","家常中餐","1","家常","main","","豪食铁板烧","",""
"鹅肝","家常中餐","1","家常","main","","豪食铁板烧","",""
"肉炒蘑菇","家常中餐","1","家常","main","","豪食铁板烧","",""
"猪五花","家常中餐","1","家常","main","","豪食铁板烧","",""
"银耳木瓜红枣汤","家常中餐","1","家常","main","","豪食铁板烧","",""
"法式鸡排","家常中餐","1","家常","main","","豪食铁板烧","",""
"韭菜鸡蛋虾仁饺子","家常中餐","1","家常","staple","","豪食国际美食自助(保定商场店)","",""
"黑椒牛肉","家常中餐","1","家常","main","","豪食国际美食自助(保定商场店)","",""
"三文鱼","家常中餐","1","家常","main","三文鱼刺身、香煎三文鱼","豪食国际美食自助(保定商场店)","",""
"红豆紫薯饮品","家常中餐","1","家常","main","","豪食国际美食自助(保定商场店)","",""
"主题蛋糕","家常中餐","1","家常","drink","","豪食国际美食自助(保定商场店)","",""
"凉拌小白菜","家常中餐","1","家常","side","","福慧素食(德惠路店)","",""
"大拌菜","家常中餐","1","家常","side","","福慧素食(德惠路店)","",""
"涮锅","家常中餐","1","烤肉","main","","南焰铁木美式烟熏烤肉(铸机社区店)","",""
"酱骨头自助","家常中餐","1","家常","main","","马家酱骨头(魅力东方店)","",""
"牛排半自助锅","家常中餐","1","家常","main","","马家酱骨头(魅力东方店)","",""
"大棒骨自助","家常中餐","1","家常","main","","马家酱骨头(魅力东方店)","",""
"大棒骨","家常中餐","1","家常","main","","马家酱骨头(魅力东方店)","",""
"现磨咖啡","家常中餐","1","烤肉","main","","沃伦尼烤肉自助餐厅(保定嘉德万达广场店)","",""
"菜品","家常中餐","1","烤肉","side","","小猪查理火盆自助烤肉(保定爱情广场店)","",""
"烩菜","家常中餐","1","家常","side","湘子肉丸烩菜","卓正国际酒店·膳衡食府","",""
"单人自助","家常中餐","1","家常","main","","红哞自助骨头王(清苑店)","",""